Image Name,Emotion,Image Format,Width,Height,Size (bytes)
image0028549.jpg,Angry,jpg,224,224,7749
image0028550.jpg,Angry,jpg,224,224,7138
image0028561.jpg,Angry,jpg,224,224,8507
image0028562.jpg,Angry,jpg,224,224,6344
image0028563.jpg,Angry,jpg,224,224,7369
image0028566.jpg,Angry,jpg,224,224,8134
image0028572.jpg,Angry,jpg,224,224,7053
image0028585.jpg,Angry,jpg,224,224,9594
image0028592.jpg,Angry,jpg,224,224,7007
image0028595.jpg,Angry,jpg,224,224,9585
image0028597.jpg,Angry,jpg,224,224,4630
image0028599.jpg,Angry,jpg,224,224,9048
image0028604.jpg,Angry,jpg,224,224,6958
image0028606.jpg,Angry,jpg,224,224,7308
image0028607.jpg,Angry,jpg,224,224,6732
image0028616.jpg,Angry,jpg,224,224,5339
image0028619.jpg,Angry,jpg,224,224,7489
image0028627.jpg,Angry,jpg,224,224,6873
image0028638.jpg,Angry,jpg,224,224,9577
image0028646.jpg,Angry,jpg,224,224,7925
image0028656.jpg,Angry,jpg,224,224,7513
image0028657.jpg,Angry,jpg,224,224,7613
image0028661.jpg,Angry,jpg,224,224,8340
image0028664.jpg,Angry,jpg,224,224,6189
image0028671.jpg,Angry,jpg,224,224,7453
image0028678.jpg,Angry,jpg,224,224,6834
image0028684.jpg,Angry,jpg,224,224,7524
image0028685.jpg,Angry,jpg,224,224,7918
image0028799.jpg,Angry,jpg,224,224,6151
image0028802.jpg,Angry,jpg,224,224,9001
image0028803.jpg,Angry,jpg,224,224,7546
image0028808.jpg,Angry,jpg,224,224,6284
image0028815.jpg,Angry,jpg,224,224,7264
image0028822.jpg,Angry,jpg,224,224,6060
image0028825.jpg,Angry,jpg,224,224,8215
image0028831.jpg,Angry,jpg,224,224,8345
image0028833.jpg,Angry,jpg,224,224,6421
image0028837.jpg,Angry,jpg,224,224,8727
image0028839.jpg,Angry,jpg,224,224,7662
image0028840.jpg,Angry,jpg,224,224,7674
image0028841.jpg,Angry,jpg,224,224,7643
image0028843.jpg,Angry,jpg,224,224,5928
image0028858.jpg,Angry,jpg,224,224,8502
image0028859.jpg,Angry,jpg,224,224,7178
image0028870.jpg,Angry,jpg,224,224,6403
image0028875.jpg,Angry,jpg,224,224,8253
image0028880.jpg,Angry,jpg,224,224,6333
image0028889.jpg,Angry,jpg,224,224,9675
image0028891.jpg,Angry,jpg,224,224,8733
image0028894.jpg,Angry,jpg,224,224,9683
image0028899.jpg,Angry,jpg,224,224,7341
image0028901.jpg,Angry,jpg,224,224,5516
image0028913.jpg,Angry,jpg,224,224,7139
image0028916.jpg,Angry,jpg,224,224,5143
image0028918.jpg,Angry,jpg,224,224,6248
image0028926.jpg,Angry,jpg,224,224,6883
image0028928.jpg,Angry,jpg,224,224,7079
image0028930.jpg,Angry,jpg,224,224,6348
image0028936.jpg,Angry,jpg,224,224,7123
image0028937.jpg,Angry,jpg,224,224,6872
image0028947.jpg,Angry,jpg,224,224,5731
image0028961.jpg,Angry,jpg,224,224,7419
image0028965.jpg,Angry,jpg,224,224,7249
image0028974.jpg,Angry,jpg,224,224,7880
image0028975.jpg,Angry,jpg,224,224,7748
image0028977.jpg,Angry,jpg,224,224,8574
image0028982.jpg,Angry,jpg,224,224,9284
image0028989.jpg,Angry,jpg,224,224,6731
image0028991.jpg,Angry,jpg,224,224,8656
image0028992.jpg,Angry,jpg,224,224,8858
image0028993.jpg,Angry,jpg,224,224,7189
image0029003.jpg,Angry,jpg,224,224,8691
image0029006.jpg,Angry,jpg,224,224,7694
image0029009.jpg,Angry,jpg,224,224,6499
image0029015.jpg,Angry,jpg,224,224,7010
image0029022.jpg,Angry,jpg,224,224,7818
image0029027.jpg,Angry,jpg,224,224,6160
image0029033.jpg,Angry,jpg,224,224,5582
image0029079.jpg,Angry,jpg,224,224,5792
image0029088.jpg,Angry,jpg,224,224,8116
image0029093.jpg,Angry,jpg,224,224,6360
image0029099.jpg,Angry,jpg,224,224,7603
image0029107.jpg,Angry,jpg,224,224,7111
image0029110.jpg,Angry,jpg,224,224,7583
image0029117.jpg,Angry,jpg,224,224,5849
image0029127.jpg,Angry,jpg,224,224,7493
image0029130.jpg,Angry,jpg,224,224,8806
image0029132.jpg,Angry,jpg,224,224,7483
image0029134.jpg,Angry,jpg,224,224,8264
image0029157.jpg,Angry,jpg,224,224,5807
image0029165.jpg,Angry,jpg,224,224,5663
image0029174.jpg,Angry,jpg,224,224,7675
image0029178.jpg,Angry,jpg,224,224,6559
image0029182.jpg,Angry,jpg,224,224,5977
image0029184.jpg,Angry,jpg,224,224,6984
image0029185.jpg,Angry,jpg,224,224,5474
image0029186.jpg,Angry,jpg,224,224,7622
image0029188.jpg,Angry,jpg,224,224,7485
image0029201.jpg,Angry,jpg,224,224,5804
image0029208.jpg,Angry,jpg,224,224,8805
image0029216.jpg,Angry,jpg,224,224,6943
image0029220.jpg,Angry,jpg,224,224,6378
image0029222.jpg,Angry,jpg,224,224,6352
image0029228.jpg,Angry,jpg,224,224,7582
image0029230.jpg,Angry,jpg,224,224,8067
image0029236.jpg,Angry,jpg,224,224,7373
image0029237.jpg,Angry,jpg,224,224,5876
image0029251.jpg,Angry,jpg,224,224,6607
image0029254.jpg,Angry,jpg,224,224,7887
image0029255.jpg,Angry,jpg,224,224,6891
image0029267.jpg,Angry,jpg,224,224,7877
image0029268.jpg,Angry,jpg,224,224,5792
image0029271.jpg,Angry,jpg,224,224,5902
image0029276.jpg,Angry,jpg,224,224,7736
image0029293.jpg,Angry,jpg,224,224,7672
image0029296.jpg,Angry,jpg,224,224,8226
image0029304.jpg,Angry,jpg,224,224,6819
image0029306.jpg,Angry,jpg,224,224,6602
image0029307.jpg,Angry,jpg,224,224,6658
image0029317.jpg,Angry,jpg,224,224,7674
image0029318.jpg,Angry,jpg,224,224,6968
image0029323.jpg,Angry,jpg,224,224,7191
image0029330.jpg,Angry,jpg,224,224,8355
image0029334.jpg,Angry,jpg,224,224,8962
image0029345.jpg,Angry,jpg,224,224,6643
image0029346.jpg,Angry,jpg,224,224,7964
image0029352.jpg,Angry,jpg,224,224,6656
image0029353.jpg,Angry,jpg,224,224,7310
image0029360.jpg,Angry,jpg,224,224,7458
image0029365.jpg,Angry,jpg,224,224,9084
image0029369.jpg,Angry,jpg,224,224,7462
image0029370.jpg,Angry,jpg,224,224,6640
image0029372.jpg,Angry,jpg,224,224,6973
image0029373.jpg,Angry,jpg,224,224,7174
image0029379.jpg,Angry,jpg,224,224,7953
image0029383.jpg,Angry,jpg,224,224,5730
image0029398.jpg,Angry,jpg,224,224,7558
image0029405.jpg,Angry,jpg,224,224,9032
image0029411.jpg,Angry,jpg,224,224,6959
image0029416.jpg,Angry,jpg,224,224,7714
image0029438.jpg,Angry,jpg,224,224,7590
image0029442.jpg,Angry,jpg,224,224,8381
image0029456.jpg,Angry,jpg,224,224,8325
image0029469.jpg,Angry,jpg,224,224,8210
image0029492.jpg,Angry,jpg,224,224,8376
image0029494.jpg,Angry,jpg,224,224,5874
image0029497.jpg,Angry,jpg,224,224,7525
image0029507.jpg,Angry,jpg,224,224,7964
image0029516.jpg,Angry,jpg,224,224,6733
image0029518.jpg,Angry,jpg,224,224,6434
image0029541.jpg,Angry,jpg,224,224,5977
image0029549.jpg,Angry,jpg,224,224,6843
image0029553.jpg,Angry,jpg,224,224,7454
image0029558.jpg,Angry,jpg,224,224,6230
image0029562.jpg,Angry,jpg,224,224,6894
image0029565.jpg,Angry,jpg,224,224,8496
image0029576.jpg,Angry,jpg,224,224,7249
image0029577.jpg,Angry,jpg,224,224,5936
image0029586.jpg,Angry,jpg,224,224,7654
image0029588.jpg,Angry,jpg,224,224,8152
image0029594.jpg,Angry,jpg,224,224,7396
image0029618.jpg,Angry,jpg,224,224,8790
image0029619.jpg,Angry,jpg,224,224,7675
image0029628.jpg,Angry,jpg,224,224,7887
image0029633.jpg,Angry,jpg,224,224,8123
image0029635.jpg,Angry,jpg,224,224,7292
image0029638.jpg,Angry,jpg,224,224,8330
image0029641.jpg,Angry,jpg,224,224,7522
image0029651.jpg,Angry,jpg,224,224,5979
image0029652.jpg,Angry,jpg,224,224,6684
image0029658.jpg,Angry,jpg,224,224,6522
image0029663.jpg,Angry,jpg,224,224,6767
image0029667.jpg,Angry,jpg,224,224,7253
image0029673.jpg,Angry,jpg,224,224,6385
image0029674.jpg,Angry,jpg,224,224,7355
image0029677.jpg,Angry,jpg,224,224,6616
image0029679.jpg,Angry,jpg,224,224,8160
image0029684.jpg,Angry,jpg,224,224,7682
image0029689.jpg,Angry,jpg,224,224,8104
image0029690.jpg,Angry,jpg,224,224,7490
image0029696.jpg,Angry,jpg,224,224,6812
image0029700.jpg,Angry,jpg,224,224,7510
image0029709.jpg,Angry,jpg,224,224,8326
image0029714.jpg,Angry,jpg,224,224,7527
image0029716.jpg,Angry,jpg,224,224,7219
image0029717.jpg,Angry,jpg,224,224,8459
image0029726.jpg,Angry,jpg,224,224,6838
image0029729.jpg,Angry,jpg,224,224,6360
image0029735.jpg,Angry,jpg,224,224,5986
image0029753.jpg,Angry,jpg,224,224,7860
image0029754.jpg,Angry,jpg,224,224,5622
image0029761.jpg,Angry,jpg,224,224,7769
image0029766.jpg,Angry,jpg,224,224,7532
image0029768.jpg,Angry,jpg,224,224,7096
image0029770.jpg,Angry,jpg,224,224,8573
image0029773.jpg,Angry,jpg,224,224,7796
image0029788.jpg,Angry,jpg,224,224,7578
image0029791.jpg,Angry,jpg,224,224,7853
image0029797.jpg,Angry,jpg,224,224,7731
image0029801.jpg,Angry,jpg,224,224,6955
image0029806.jpg,Angry,jpg,224,224,6355
image0029810.jpg,Angry,jpg,224,224,6523
image0029815.jpg,Angry,jpg,224,224,10082
image0029817.jpg,Angry,jpg,224,224,6624
image0029818.jpg,Angry,jpg,224,224,8599
image0029819.jpg,Angry,jpg,224,224,5733
image0029835.jpg,Angry,jpg,224,224,8244
image0029836.jpg,Angry,jpg,224,224,6385
image0029847.jpg,Angry,jpg,224,224,7301
image0029849.jpg,Angry,jpg,224,224,6621
image0029853.jpg,Angry,jpg,224,224,7110
image0029857.jpg,Angry,jpg,224,224,6184
image0029860.jpg,Angry,jpg,224,224,6520
image0029864.jpg,Angry,jpg,224,224,7497
image0029866.jpg,Angry,jpg,224,224,5925
image0029880.jpg,Angry,jpg,224,224,8822
image0029882.jpg,Angry,jpg,224,224,7420
image0029892.jpg,Angry,jpg,224,224,7269
image0029894.jpg,Angry,jpg,224,224,5544
image0029895.jpg,Angry,jpg,224,224,8502
image0029896.jpg,Angry,jpg,224,224,8461
image0029899.jpg,Angry,jpg,224,224,6390
image0029902.jpg,Angry,jpg,224,224,6350
image0029904.jpg,Angry,jpg,224,224,7818
image0029923.jpg,Angry,jpg,224,224,6868
image0029928.jpg,Angry,jpg,224,224,5624
image0029930.jpg,Angry,jpg,224,224,7085
image0029950.jpg,Angry,jpg,224,224,7411
image0029959.jpg,Angry,jpg,224,224,8543
image0029976.jpg,Angry,jpg,224,224,8864
image0029977.jpg,Angry,jpg,224,224,6041
image0029990.jpg,Angry,jpg,224,224,7402
image0030018.jpg,Angry,jpg,224,224,8829
image0030021.jpg,Angry,jpg,224,224,8614
image0030022.jpg,Angry,jpg,224,224,9891
image0030028.jpg,Angry,jpg,224,224,6747
image0030030.jpg,Angry,jpg,224,224,7174
image0030032.jpg,Angry,jpg,224,224,8547
image0030037.jpg,Angry,jpg,224,224,7041
image0030046.jpg,Angry,jpg,224,224,8848
image0030048.jpg,Angry,jpg,224,224,9344
image0030051.jpg,Angry,jpg,224,224,7557
image0030053.jpg,Angry,jpg,224,224,7325
image0030063.jpg,Angry,jpg,224,224,9221
image0030069.jpg,Angry,jpg,224,224,6018
image0030080.jpg,Angry,jpg,224,224,7898
image0030083.jpg,Angry,jpg,224,224,8147
image0030086.jpg,Angry,jpg,224,224,7315
image0030088.jpg,Angry,jpg,224,224,8536
image0030095.jpg,Angry,jpg,224,224,6505
image0030102.jpg,Angry,jpg,224,224,8452
image0030107.jpg,Angry,jpg,224,224,7512
image0030109.jpg,Angry,jpg,224,224,7869
image0030118.jpg,Angry,jpg,224,224,6125
image0030119.jpg,Angry,jpg,224,224,9260
image0030121.jpg,Angry,jpg,224,224,7561
image0030124.jpg,Angry,jpg,224,224,8307
image0030128.jpg,Angry,jpg,224,224,7886
image0030130.jpg,Angry,jpg,224,224,6874
image0030136.jpg,Angry,jpg,224,224,7341
image0030141.jpg,Angry,jpg,224,224,7006
image0030142.jpg,Angry,jpg,224,224,8186
image0030154.jpg,Angry,jpg,224,224,6758
image0030155.jpg,Angry,jpg,224,224,8099
image0030158.jpg,Angry,jpg,224,224,6538
image0030162.jpg,Angry,jpg,224,224,7304
image0030164.jpg,Angry,jpg,224,224,6551
image0030166.jpg,Angry,jpg,224,224,8540
image0030169.jpg,Angry,jpg,224,224,7813
image0030171.jpg,Angry,jpg,224,224,6985
image0030173.jpg,Angry,jpg,224,224,7731
image0030182.jpg,Angry,jpg,224,224,7579
image0030192.jpg,Angry,jpg,224,224,8757
image0030197.jpg,Angry,jpg,224,224,8156
image0030204.jpg,Angry,jpg,224,224,7166
image0030215.jpg,Angry,jpg,224,224,8035
image0030216.jpg,Angry,jpg,224,224,6674
image0030217.jpg,Angry,jpg,224,224,7604
image0030223.jpg,Angry,jpg,224,224,6274
image0030227.jpg,Angry,jpg,224,224,7737
image0030237.jpg,Angry,jpg,224,224,6834
image0030243.jpg,Angry,jpg,224,224,9168
image0030257.jpg,Angry,jpg,224,224,6328
image0030258.jpg,Angry,jpg,224,224,7411
image0030271.jpg,Angry,jpg,224,224,7397
image0030272.jpg,Angry,jpg,224,224,7438
image0030273.jpg,Angry,jpg,224,224,7277
image0030277.jpg,Angry,jpg,224,224,7008
image0030283.jpg,Angry,jpg,224,224,6669
image0030284.jpg,Angry,jpg,224,224,6116
image0030289.jpg,Angry,jpg,224,224,7474
image0030292.jpg,Angry,jpg,224,224,6590
image0030298.jpg,Angry,jpg,224,224,7919
image0030300.jpg,Angry,jpg,224,224,8470
image0030301.jpg,Angry,jpg,224,224,7708
image0030304.jpg,Angry,jpg,224,224,6233
image0030309.jpg,Angry,jpg,224,224,7638
image0030318.jpg,Angry,jpg,224,224,6773
image0030332.jpg,Angry,jpg,224,224,6594
image0030334.jpg,Angry,jpg,224,224,7407
image0030338.jpg,Angry,jpg,224,224,8006
image0030340.jpg,Angry,jpg,224,224,8402
image0030362.jpg,Angry,jpg,224,224,7839
image0030364.jpg,Angry,jpg,224,224,7170
image0030369.jpg,Angry,jpg,224,224,7569
image0030374.jpg,Angry,jpg,224,224,8609
image0030375.jpg,Angry,jpg,224,224,7300
image0030382.jpg,Angry,jpg,224,224,6221
image0030392.jpg,Angry,jpg,224,224,6589
image0030401.jpg,Angry,jpg,224,224,7223
image0030407.jpg,Angry,jpg,224,224,7781
image0030411.jpg,Angry,jpg,224,224,6566
image0030417.jpg,Angry,jpg,224,224,9213
image0030423.jpg,Angry,jpg,224,224,8456
image0030424.jpg,Angry,jpg,224,224,9007
image0030426.jpg,Angry,jpg,224,224,7061
image0030429.jpg,Angry,jpg,224,224,6105
image0030435.jpg,Angry,jpg,224,224,8594
image0030447.jpg,Angry,jpg,224,224,6844
image0030450.jpg,Angry,jpg,224,224,6817
image0030453.jpg,Angry,jpg,224,224,8047
image0030458.jpg,Angry,jpg,224,224,7124
image0030459.jpg,Angry,jpg,224,224,6765
image0030465.jpg,Angry,jpg,224,224,8119
image0030467.jpg,Angry,jpg,224,224,8841
image0030468.jpg,Angry,jpg,224,224,6792
image0030475.jpg,Angry,jpg,224,224,7442
image0030476.jpg,Angry,jpg,224,224,6951
image0030477.jpg,Angry,jpg,224,224,7781
image0030483.jpg,Angry,jpg,224,224,7264
image0030492.jpg,Angry,jpg,224,224,6054
image0030493.jpg,Angry,jpg,224,224,7424
image0030497.jpg,Angry,jpg,224,224,7743
image0030498.jpg,Angry,jpg,224,224,6622
image0030499.jpg,Angry,jpg,224,224,6341
image0030500.jpg,Angry,jpg,224,224,7448
image0030504.jpg,Angry,jpg,224,224,8224
image0030506.jpg,Angry,jpg,224,224,7128
image0030510.jpg,Angry,jpg,224,224,5223
image0030513.jpg,Angry,jpg,224,224,8520
image0030527.jpg,Angry,jpg,224,224,7724
image0030532.jpg,Angry,jpg,224,224,7625
image0030534.jpg,Angry,jpg,224,224,8542
image0030536.jpg,Angry,jpg,224,224,7578
image0030538.jpg,Angry,jpg,224,224,6384
image0030541.jpg,Angry,jpg,224,224,6734
image0030543.jpg,Angry,jpg,224,224,8140
image0030547.jpg,Angry,jpg,224,224,5551
image0030553.jpg,Angry,jpg,224,224,8070
image0030560.jpg,Angry,jpg,224,224,6270
image0030562.jpg,Angry,jpg,224,224,6070
image0030564.jpg,Angry,jpg,224,224,6702
image0030566.jpg,Angry,jpg,224,224,6920
image0030570.jpg,Angry,jpg,224,224,8503
image0030574.jpg,Angry,jpg,224,224,6313
image0030575.jpg,Angry,jpg,224,224,8326
image0030576.jpg,Angry,jpg,224,224,9091
image0030581.jpg,Angry,jpg,224,224,7089
image0030583.jpg,Angry,jpg,224,224,7629
image0030586.jpg,Angry,jpg,224,224,7123
image0030587.jpg,Angry,jpg,224,224,6118
image0030590.jpg,Angry,jpg,224,224,8134
image0030595.jpg,Angry,jpg,224,224,7230
image0030604.jpg,Angry,jpg,224,224,7877
image0030605.jpg,Angry,jpg,224,224,6593
image0030610.jpg,Angry,jpg,224,224,7464
image0030615.jpg,Angry,jpg,224,224,7388
image0030617.jpg,Angry,jpg,224,224,8049
image0030618.jpg,Angry,jpg,224,224,6918
image0030619.jpg,Angry,jpg,224,224,7366
image0030624.jpg,Angry,jpg,224,224,6603
image0030626.jpg,Angry,jpg,224,224,6737
image0030628.jpg,Angry,jpg,224,224,7018
image0030632.jpg,Angry,jpg,224,224,7538
image0030636.jpg,Angry,jpg,224,224,6156
image0030638.jpg,Angry,jpg,224,224,8541
image0030640.jpg,Angry,jpg,224,224,8441
image0030642.jpg,Angry,jpg,224,224,6749
image0030668.jpg,Angry,jpg,224,224,6397
image0030673.jpg,Angry,jpg,224,224,8606
image0030675.jpg,Angry,jpg,224,224,7179
image0030677.jpg,Angry,jpg,224,224,7276
image0030679.jpg,Angry,jpg,224,224,7887
image0030683.jpg,Angry,jpg,224,224,8231
image0030688.jpg,Angry,jpg,224,224,6797
image0030689.jpg,Angry,jpg,224,224,8042
image0030690.jpg,Angry,jpg,224,224,6751
image0030693.jpg,Angry,jpg,224,224,6915
image0030695.jpg,Angry,jpg,224,224,7571
image0030696.jpg,Angry,jpg,224,224,5527
image0030702.jpg,Angry,jpg,224,224,6228
image0030706.jpg,Angry,jpg,224,224,5363
image0030714.jpg,Angry,jpg,224,224,9614
image0030715.jpg,Angry,jpg,224,224,7565
image0030718.jpg,Angry,jpg,224,224,7955
image0030719.jpg,Angry,jpg,224,224,6992
image0030722.jpg,Angry,jpg,224,224,7699
image0030725.jpg,Angry,jpg,224,224,7330
image0030727.jpg,Angry,jpg,224,224,8284
image0030731.jpg,Angry,jpg,224,224,7182
image0030737.jpg,Angry,jpg,224,224,7401
image0030739.jpg,Angry,jpg,224,224,7715
image0030742.jpg,Angry,jpg,224,224,8997
image0030745.jpg,Angry,jpg,224,224,5820
image0030746.jpg,Angry,jpg,224,224,7408
image0030751.jpg,Angry,jpg,224,224,6478
image0030763.jpg,Angry,jpg,224,224,5989
boredom0.jpg,Boredom,jpg,224,224,7548
boredom1.jpg,Boredom,jpg,224,224,7542
boredom10.jpg,Boredom,jpg,224,224,7503
boredom100.jpg,Boredom,jpg,224,224,7858
boredom101.jpg,Boredom,jpg,224,224,7881
boredom102.jpg,Boredom,jpg,224,224,7994
boredom103.jpg,Boredom,jpg,224,224,7996
boredom104.jpg,Boredom,jpg,224,224,8003
boredom105.jpg,Boredom,jpg,224,224,7906
boredom106.jpg,Boredom,jpg,224,224,7908
boredom107.jpg,Boredom,jpg,224,224,7931
boredom108.jpg,Boredom,jpg,224,224,5098
boredom109.jpg,Boredom,jpg,224,224,5072
boredom11.jpg,Boredom,jpg,224,224,7485
boredom110.jpg,Boredom,jpg,224,224,5061
boredom111.jpg,Boredom,jpg,224,224,5097
boredom112.jpg,Boredom,jpg,224,224,5074
boredom113.jpg,Boredom,jpg,224,224,5064
boredom114.jpg,Boredom,jpg,224,224,7400
boredom115.jpg,Boredom,jpg,224,224,7410
boredom116.jpg,Boredom,jpg,224,224,7396
boredom117.jpg,Boredom,jpg,224,224,7436
boredom118.jpg,Boredom,jpg,224,224,7437
boredom119.jpg,Boredom,jpg,224,224,7438
boredom12.jpg,Boredom,jpg,224,224,8458
boredom120.jpg,Boredom,jpg,224,224,7278
boredom121.jpg,Boredom,jpg,224,224,7254
boredom122.jpg,Boredom,jpg,224,224,7236
boredom123.jpg,Boredom,jpg,224,224,7484
boredom124.jpg,Boredom,jpg,224,224,7430
boredom125.jpg,Boredom,jpg,224,224,7434
boredom126.jpg,Boredom,jpg,224,224,7531
boredom127.jpg,Boredom,jpg,224,224,7486
boredom128.jpg,Boredom,jpg,224,224,7449
boredom129.jpg,Boredom,jpg,224,224,8318
boredom13.jpg,Boredom,jpg,224,224,8476
boredom130.jpg,Boredom,jpg,224,224,8288
boredom131.jpg,Boredom,jpg,224,224,8282
boredom132.jpg,Boredom,jpg,224,224,8414
boredom133.jpg,Boredom,jpg,224,224,8409
boredom134.jpg,Boredom,jpg,224,224,8391
boredom135.jpg,Boredom,jpg,224,224,8144
boredom136.jpg,Boredom,jpg,224,224,8108
boredom137.jpg,Boredom,jpg,224,224,8121
boredom138.jpg,Boredom,jpg,224,224,7941
boredom139.jpg,Boredom,jpg,224,224,7939
boredom14.jpg,Boredom,jpg,224,224,8441
boredom140.jpg,Boredom,jpg,224,224,7940
boredom141.jpg,Boredom,jpg,224,224,7828
boredom142.jpg,Boredom,jpg,224,224,7825
boredom143.jpg,Boredom,jpg,224,224,7818
boredom144.jpg,Boredom,jpg,224,224,8295
boredom145.jpg,Boredom,jpg,224,224,8296
boredom146.jpg,Boredom,jpg,224,224,8307
boredom147.jpg,Boredom,jpg,224,224,8314
boredom148.jpg,Boredom,jpg,224,224,8325
boredom149.jpg,Boredom,jpg,224,224,8316
boredom15.jpg,Boredom,jpg,224,224,8447
boredom150.jpg,Boredom,jpg,224,224,8232
boredom151.jpg,Boredom,jpg,224,224,7680
boredom152.jpg,Boredom,jpg,224,224,7436
boredom153.jpg,Boredom,jpg,224,224,8137
boredom154.jpg,Boredom,jpg,224,224,8146
boredom155.jpg,Boredom,jpg,224,224,8145
boredom156.jpg,Boredom,jpg,224,224,8133
boredom157.jpg,Boredom,jpg,224,224,8119
boredom158.jpg,Boredom,jpg,224,224,8091
boredom159.jpg,Boredom,jpg,224,224,7463
boredom16.jpg,Boredom,jpg,224,224,8443
boredom160.jpg,Boredom,jpg,224,224,7477
boredom161.jpg,Boredom,jpg,224,224,7471
boredom162.jpg,Boredom,jpg,224,224,7462
boredom163.jpg,Boredom,jpg,224,224,7454
boredom164.jpg,Boredom,jpg,224,224,7442
boredom165.jpg,Boredom,jpg,224,224,7948
boredom166.jpg,Boredom,jpg,224,224,7932
boredom167.jpg,Boredom,jpg,224,224,7915
boredom168.jpg,Boredom,jpg,224,224,8012
boredom169.jpg,Boredom,jpg,224,224,8020
boredom17.jpg,Boredom,jpg,224,224,8439
boredom170.jpg,Boredom,jpg,224,224,8035
boredom171.jpg,Boredom,jpg,224,224,7968
boredom172.jpg,Boredom,jpg,224,224,7972
boredom173.jpg,Boredom,jpg,224,224,7957
boredom174.jpg,Boredom,jpg,224,224,7979
boredom175.jpg,Boredom,jpg,224,224,7978
boredom176.jpg,Boredom,jpg,224,224,7952
boredom177.jpg,Boredom,jpg,224,224,8180
boredom178.jpg,Boredom,jpg,224,224,8182
boredom179.jpg,Boredom,jpg,224,224,8182
boredom18.jpg,Boredom,jpg,224,224,8524
boredom180.jpg,Boredom,jpg,224,224,8568
boredom181.jpg,Boredom,jpg,224,224,8573
boredom182.jpg,Boredom,jpg,224,224,8596
boredom183.jpg,Boredom,jpg,224,224,8108
boredom184.jpg,Boredom,jpg,224,224,8118
boredom185.jpg,Boredom,jpg,224,224,8105
boredom186.jpg,Boredom,jpg,224,224,8024
boredom187.jpg,Boredom,jpg,224,224,8031
boredom188.jpg,Boredom,jpg,224,224,8033
boredom189.jpg,Boredom,jpg,224,224,8028
boredom19.jpg,Boredom,jpg,224,224,8519
boredom190.jpg,Boredom,jpg,224,224,8040
boredom191.jpg,Boredom,jpg,224,224,8010
boredom192.jpg,Boredom,jpg,224,224,7614
boredom193.jpg,Boredom,jpg,224,224,7568
boredom194.jpg,Boredom,jpg,224,224,7537
boredom195.jpg,Boredom,jpg,224,224,7653
boredom196.jpg,Boredom,jpg,224,224,7646
boredom197.jpg,Boredom,jpg,224,224,7652
boredom198.jpg,Boredom,jpg,224,224,7549
boredom199.jpg,Boredom,jpg,224,224,7519
boredom2.jpg,Boredom,jpg,224,224,7574
boredom20.jpg,Boredom,jpg,224,224,8538
boredom200.jpg,Boredom,jpg,224,224,7529
boredom201.jpg,Boredom,jpg,224,224,7463
boredom202.jpg,Boredom,jpg,224,224,7463
boredom203.jpg,Boredom,jpg,224,224,7460
boredom204.jpg,Boredom,jpg,224,224,7474
boredom205.jpg,Boredom,jpg,224,224,7442
boredom206.jpg,Boredom,jpg,224,224,7448
boredom207.jpg,Boredom,jpg,224,224,7487
boredom208.jpg,Boredom,jpg,224,224,7478
boredom209.jpg,Boredom,jpg,224,224,7461
boredom21.jpg,Boredom,jpg,224,224,8351
boredom210.jpg,Boredom,jpg,224,224,7507
boredom211.jpg,Boredom,jpg,224,224,7497
boredom212.jpg,Boredom,jpg,224,224,7498
boredom213.jpg,Boredom,jpg,224,224,7567
boredom214.jpg,Boredom,jpg,224,224,7543
boredom215.jpg,Boredom,jpg,224,224,7520
boredom216.jpg,Boredom,jpg,224,224,7534
boredom217.jpg,Boredom,jpg,224,224,7492
boredom218.jpg,Boredom,jpg,224,224,7505
boredom219.jpg,Boredom,jpg,224,224,7596
boredom22.jpg,Boredom,jpg,224,224,8351
boredom220.jpg,Boredom,jpg,224,224,7571
boredom221.jpg,Boredom,jpg,224,224,7563
boredom222.jpg,Boredom,jpg,224,224,7531
boredom223.jpg,Boredom,jpg,224,224,7530
boredom224.jpg,Boredom,jpg,224,224,7499
boredom225.jpg,Boredom,jpg,224,224,7858
boredom226.jpg,Boredom,jpg,224,224,7837
boredom227.jpg,Boredom,jpg,224,224,7840
boredom228.jpg,Boredom,jpg,224,224,8378
boredom229.jpg,Boredom,jpg,224,224,8388
boredom23.jpg,Boredom,jpg,224,224,8336
boredom230.jpg,Boredom,jpg,224,224,8386
boredom231.jpg,Boredom,jpg,224,224,7301
boredom232.jpg,Boredom,jpg,224,224,7309
boredom233.jpg,Boredom,jpg,224,224,7317
boredom234.jpg,Boredom,jpg,224,224,7354
boredom235.jpg,Boredom,jpg,224,224,7344
boredom236.jpg,Boredom,jpg,224,224,7332
boredom237.jpg,Boredom,jpg,224,224,7435
boredom238.jpg,Boredom,jpg,224,224,7380
boredom239.jpg,Boredom,jpg,224,224,7320
boredom24.jpg,Boredom,jpg,224,224,8492
boredom240.jpg,Boredom,jpg,224,224,4552
boredom241.jpg,Boredom,jpg,224,224,4545
boredom242.jpg,Boredom,jpg,224,224,4549
boredom243.jpg,Boredom,jpg,224,224,7673
boredom244.jpg,Boredom,jpg,224,224,7661
boredom245.jpg,Boredom,jpg,224,224,7658
boredom246.jpg,Boredom,jpg,224,224,6520
boredom247.jpg,Boredom,jpg,224,224,6486
boredom248.jpg,Boredom,jpg,224,224,6485
boredom249.jpg,Boredom,jpg,224,224,6551
boredom25.jpg,Boredom,jpg,224,224,8489
boredom250.jpg,Boredom,jpg,224,224,6506
boredom251.jpg,Boredom,jpg,224,224,6482
boredom252.jpg,Boredom,jpg,224,224,6553
boredom253.jpg,Boredom,jpg,224,224,6482
boredom254.jpg,Boredom,jpg,224,224,6474
boredom255.jpg,Boredom,jpg,224,224,7350
boredom256.jpg,Boredom,jpg,224,224,7360
boredom257.jpg,Boredom,jpg,224,224,7320
boredom258.jpg,Boredom,jpg,224,224,7357
boredom259.jpg,Boredom,jpg,224,224,7322
boredom26.jpg,Boredom,jpg,224,224,8461
boredom260.jpg,Boredom,jpg,224,224,7328
boredom261.jpg,Boredom,jpg,224,224,7516
boredom262.jpg,Boredom,jpg,224,224,7529
boredom263.jpg,Boredom,jpg,224,224,7538
boredom264.jpg,Boredom,jpg,224,224,7389
boredom265.jpg,Boredom,jpg,224,224,7371
boredom266.jpg,Boredom,jpg,224,224,7414
boredom267.jpg,Boredom,jpg,224,224,8099
boredom268.jpg,Boredom,jpg,224,224,8093
boredom269.jpg,Boredom,jpg,224,224,8075
boredom27.jpg,Boredom,jpg,224,224,8611
boredom270.jpg,Boredom,jpg,224,224,7425
boredom271.jpg,Boredom,jpg,224,224,7413
boredom272.jpg,Boredom,jpg,224,224,7410
boredom273.jpg,Boredom,jpg,224,224,6619
boredom274.jpg,Boredom,jpg,224,224,6634
boredom275.jpg,Boredom,jpg,224,224,6621
boredom276.jpg,Boredom,jpg,224,224,7187
boredom277.jpg,Boredom,jpg,224,224,7194
boredom278.jpg,Boredom,jpg,224,224,7182
boredom279.jpg,Boredom,jpg,224,224,7240
boredom28.jpg,Boredom,jpg,224,224,8590
boredom280.jpg,Boredom,jpg,224,224,7245
boredom281.jpg,Boredom,jpg,224,224,7255
boredom282.jpg,Boredom,jpg,224,224,7182
boredom283.jpg,Boredom,jpg,224,224,7143
boredom284.jpg,Boredom,jpg,224,224,7141
boredom285.jpg,Boredom,jpg,224,224,7105
boredom286.jpg,Boredom,jpg,224,224,7103
boredom287.jpg,Boredom,jpg,224,224,7089
boredom288.jpg,Boredom,jpg,224,224,6717
boredom289.jpg,Boredom,jpg,224,224,6688
boredom29.jpg,Boredom,jpg,224,224,8587
boredom290.jpg,Boredom,jpg,224,224,6677
boredom291.jpg,Boredom,jpg,224,224,7221
boredom292.jpg,Boredom,jpg,224,224,7208
boredom293.jpg,Boredom,jpg,224,224,7197
boredom294.jpg,Boredom,jpg,224,224,7539
boredom295.jpg,Boredom,jpg,224,224,7561
boredom296.jpg,Boredom,jpg,224,224,7569
boredom297.jpg,Boredom,jpg,224,224,7017
boredom298.jpg,Boredom,jpg,224,224,7021
boredom299.jpg,Boredom,jpg,224,224,7011
boredom3.jpg,Boredom,jpg,224,224,7799
boredom30.jpg,Boredom,jpg,224,224,9740
boredom300.jpg,Boredom,jpg,224,224,9745
boredom301.jpg,Boredom,jpg,224,224,9773
boredom302.jpg,Boredom,jpg,224,224,9752
boredom303.jpg,Boredom,jpg,224,224,9770
boredom304.jpg,Boredom,jpg,224,224,9762
boredom305.jpg,Boredom,jpg,224,224,9755
boredom306.jpg,Boredom,jpg,224,224,9762
boredom307.jpg,Boredom,jpg,224,224,9783
boredom308.jpg,Boredom,jpg,224,224,9760
boredom309.jpg,Boredom,jpg,224,224,9895
boredom31.jpg,Boredom,jpg,224,224,9716
boredom310.jpg,Boredom,jpg,224,224,9883
boredom311.jpg,Boredom,jpg,224,224,9876
boredom312.jpg,Boredom,jpg,224,224,9914
boredom313.jpg,Boredom,jpg,224,224,9904
boredom314.jpg,Boredom,jpg,224,224,9922
boredom315.jpg,Boredom,jpg,224,224,10119
boredom316.jpg,Boredom,jpg,224,224,10099
boredom317.jpg,Boredom,jpg,224,224,10106
boredom318.jpg,Boredom,jpg,224,224,10157
boredom319.jpg,Boredom,jpg,224,224,10154
boredom32.jpg,Boredom,jpg,224,224,9728
boredom320.jpg,Boredom,jpg,224,224,10115
boredom321.jpg,Boredom,jpg,224,224,10059
boredom322.jpg,Boredom,jpg,224,224,10077
boredom323.jpg,Boredom,jpg,224,224,10056
boredom324.jpg,Boredom,jpg,224,224,9951
boredom325.jpg,Boredom,jpg,224,224,9951
boredom326.jpg,Boredom,jpg,224,224,9968
boredom327.jpg,Boredom,jpg,224,224,9920
boredom328.jpg,Boredom,jpg,224,224,9921
boredom329.jpg,Boredom,jpg,224,224,9916
boredom33.jpg,Boredom,jpg,224,224,9685
boredom330.jpg,Boredom,jpg,224,224,9924
boredom331.jpg,Boredom,jpg,224,224,9920
boredom332.jpg,Boredom,jpg,224,224,9930
boredom333.jpg,Boredom,jpg,224,224,9973
boredom334.jpg,Boredom,jpg,224,224,9955
boredom335.jpg,Boredom,jpg,224,224,9954
boredom336.jpg,Boredom,jpg,224,224,9976
boredom337.jpg,Boredom,jpg,224,224,9972
boredom338.jpg,Boredom,jpg,224,224,9928
boredom339.jpg,Boredom,jpg,224,224,7165
boredom34.jpg,Boredom,jpg,224,224,9694
boredom340.jpg,Boredom,jpg,224,224,7166
boredom341.jpg,Boredom,jpg,224,224,7131
boredom342.jpg,Boredom,jpg,224,224,7185
boredom343.jpg,Boredom,jpg,224,224,7158
boredom344.jpg,Boredom,jpg,224,224,7158
boredom345.jpg,Boredom,jpg,224,224,7464
boredom346.jpg,Boredom,jpg,224,224,7498
boredom347.jpg,Boredom,jpg,224,224,7480
boredom348.jpg,Boredom,jpg,224,224,7661
boredom349.jpg,Boredom,jpg,224,224,7650
boredom35.jpg,Boredom,jpg,224,224,9696
boredom350.jpg,Boredom,jpg,224,224,7683
boredom351.jpg,Boredom,jpg,224,224,8105
boredom352.jpg,Boredom,jpg,224,224,8094
boredom353.jpg,Boredom,jpg,224,224,8087
boredom354.jpg,Boredom,jpg,224,224,7426
boredom355.jpg,Boredom,jpg,224,224,7415
boredom356.jpg,Boredom,jpg,224,224,7388
boredom357.jpg,Boredom,jpg,224,224,7320
boredom358.jpg,Boredom,jpg,224,224,7307
boredom359.jpg,Boredom,jpg,224,224,7291
boredom36.jpg,Boredom,jpg,224,224,10008
boredom360.jpg,Boredom,jpg,224,224,6659
boredom361.jpg,Boredom,jpg,224,224,6648
boredom362.jpg,Boredom,jpg,224,224,6654
boredom363.jpg,Boredom,jpg,224,224,6623
boredom364.jpg,Boredom,jpg,224,224,6614
boredom365.jpg,Boredom,jpg,224,224,6616
boredom366.jpg,Boredom,jpg,224,224,7951
boredom367.jpg,Boredom,jpg,224,224,7945
boredom368.jpg,Boredom,jpg,224,224,7920
boredom369.jpg,Boredom,jpg,224,224,7338
boredom37.jpg,Boredom,jpg,224,224,10007
boredom370.jpg,Boredom,jpg,224,224,7340
boredom371.jpg,Boredom,jpg,224,224,7351
boredom372.jpg,Boredom,jpg,224,224,7309
boredom373.jpg,Boredom,jpg,224,224,7298
boredom374.jpg,Boredom,jpg,224,224,7315
boredom375.jpg,Boredom,jpg,224,224,7054
boredom376.jpg,Boredom,jpg,224,224,7080
boredom377.jpg,Boredom,jpg,224,224,7084
boredom378.jpg,Boredom,jpg,224,224,7091
boredom379.jpg,Boredom,jpg,224,224,7094
boredom38.jpg,Boredom,jpg,224,224,10022
boredom380.jpg,Boredom,jpg,224,224,7065
boredom381.jpg,Boredom,jpg,224,224,7643
boredom382.jpg,Boredom,jpg,224,224,7597
boredom383.jpg,Boredom,jpg,224,224,7594
boredom384.jpg,Boredom,jpg,224,224,7273
boredom385.jpg,Boredom,jpg,224,224,7276
boredom386.jpg,Boredom,jpg,224,224,7252
boredom387.jpg,Boredom,jpg,224,224,7061
boredom388.jpg,Boredom,jpg,224,224,7067
boredom389.jpg,Boredom,jpg,224,224,7064
boredom39.jpg,Boredom,jpg,224,224,7888
boredom390.jpg,Boredom,jpg,224,224,5123
boredom391.jpg,Boredom,jpg,224,224,5091
boredom392.jpg,Boredom,jpg,224,224,5063
boredom393.jpg,Boredom,jpg,224,224,5055
boredom394.jpg,Boredom,jpg,224,224,5040
boredom395.jpg,Boredom,jpg,224,224,5039
boredom396.jpg,Boredom,jpg,224,224,5050
boredom397.jpg,Boredom,jpg,224,224,5038
boredom398.jpg,Boredom,jpg,224,224,5017
boredom399.jpg,Boredom,jpg,224,224,5441
boredom4.jpg,Boredom,jpg,224,224,7813
boredom40.jpg,Boredom,jpg,224,224,7899
boredom400.jpg,Boredom,jpg,224,224,5407
boredom401.jpg,Boredom,jpg,224,224,5398
boredom402.jpg,Boredom,jpg,224,224,5918
boredom403.jpg,Boredom,jpg,224,224,5859
boredom404.jpg,Boredom,jpg,224,224,5877
boredom41.jpg,Boredom,jpg,224,224,7914
boredom42.jpg,Boredom,jpg,224,224,8316
boredom43.jpg,Boredom,jpg,224,224,8344
boredom44.jpg,Boredom,jpg,224,224,8334
boredom45.jpg,Boredom,jpg,224,224,8534
boredom46.jpg,Boredom,jpg,224,224,8547
boredom47.jpg,Boredom,jpg,224,224,8528
boredom48.jpg,Boredom,jpg,224,224,7215
boredom49.jpg,Boredom,jpg,224,224,7201
boredom5.jpg,Boredom,jpg,224,224,7800
boredom50.jpg,Boredom,jpg,224,224,7196
boredom51.jpg,Boredom,jpg,224,224,7763
boredom52.jpg,Boredom,jpg,224,224,7777
boredom53.jpg,Boredom,jpg,224,224,7763
boredom54.jpg,Boredom,jpg,224,224,7779
boredom55.jpg,Boredom,jpg,224,224,7792
boredom56.jpg,Boredom,jpg,224,224,7790
boredom57.jpg,Boredom,jpg,224,224,8293
boredom58.jpg,Boredom,jpg,224,224,8268
boredom59.jpg,Boredom,jpg,224,224,8286
boredom6.jpg,Boredom,jpg,224,224,7488
boredom60.jpg,Boredom,jpg,224,224,8172
boredom61.jpg,Boredom,jpg,224,224,8135
boredom62.jpg,Boredom,jpg,224,224,8138
boredom63.jpg,Boredom,jpg,224,224,8211
boredom64.jpg,Boredom,jpg,224,224,8190
boredom65.jpg,Boredom,jpg,224,224,8176
boredom66.jpg,Boredom,jpg,224,224,8428
boredom67.jpg,Boredom,jpg,224,224,8410
boredom68.jpg,Boredom,jpg,224,224,8413
boredom69.jpg,Boredom,jpg,224,224,8669
boredom7.jpg,Boredom,jpg,224,224,7483
boredom70.jpg,Boredom,jpg,224,224,8661
boredom71.jpg,Boredom,jpg,224,224,8641
boredom72.jpg,Boredom,jpg,224,224,8369
boredom73.jpg,Boredom,jpg,224,224,8374
boredom74.jpg,Boredom,jpg,224,224,8354
boredom75.jpg,Boredom,jpg,224,224,8432
boredom76.jpg,Boredom,jpg,224,224,8427
boredom77.jpg,Boredom,jpg,224,224,8402
boredom78.jpg,Boredom,jpg,224,224,8062
boredom79.jpg,Boredom,jpg,224,224,8065
boredom8.jpg,Boredom,jpg,224,224,7460
boredom80.jpg,Boredom,jpg,224,224,8066
boredom81.jpg,Boredom,jpg,224,224,8217
boredom82.jpg,Boredom,jpg,224,224,8232
boredom83.jpg,Boredom,jpg,224,224,8249
boredom84.jpg,Boredom,jpg,224,224,8101
boredom85.jpg,Boredom,jpg,224,224,8059
boredom86.jpg,Boredom,jpg,224,224,8036
boredom87.jpg,Boredom,jpg,224,224,8003
boredom88.jpg,Boredom,jpg,224,224,7988
boredom89.jpg,Boredom,jpg,224,224,8017
boredom9.jpg,Boredom,jpg,224,224,7507
boredom90.jpg,Boredom,jpg,224,224,7682
boredom91.jpg,Boredom,jpg,224,224,7692
boredom92.jpg,Boredom,jpg,224,224,7646
boredom93.jpg,Boredom,jpg,224,224,7948
boredom94.jpg,Boredom,jpg,224,224,7945
boredom95.jpg,Boredom,jpg,224,224,7929
boredom96.jpg,Boredom,jpg,224,224,7838
boredom97.jpg,Boredom,jpg,224,224,7844
boredom98.jpg,Boredom,jpg,224,224,7851
boredom99.jpg,Boredom,jpg,224,224,7865
engagement0.jpg,Engagement,jpg,224,224,5369
engagement1.jpg,Engagement,jpg,224,224,5366
engagement10.jpg,Engagement,jpg,224,224,5425
engagement100.jpg,Engagement,jpg,224,224,4040
engagement101.jpg,Engagement,jpg,224,224,4072
engagement102.jpg,Engagement,jpg,224,224,4190
engagement103.jpg,Engagement,jpg,224,224,4169
engagement104.jpg,Engagement,jpg,224,224,4155
engagement105.jpg,Engagement,jpg,224,224,7187
engagement106.jpg,Engagement,jpg,224,224,7137
engagement107.jpg,Engagement,jpg,224,224,7149
engagement108.jpg,Engagement,jpg,224,224,7223
engagement109.jpg,Engagement,jpg,224,224,7196
engagement11.jpg,Engagement,jpg,224,224,5407
engagement110.jpg,Engagement,jpg,224,224,7167
engagement111.jpg,Engagement,jpg,224,224,7207
engagement112.jpg,Engagement,jpg,224,224,7165
engagement113.jpg,Engagement,jpg,224,224,7155
engagement114.jpg,Engagement,jpg,224,224,7168
engagement115.jpg,Engagement,jpg,224,224,7123
engagement116.jpg,Engagement,jpg,224,224,7098
engagement117.jpg,Engagement,jpg,224,224,7153
engagement118.jpg,Engagement,jpg,224,224,7150
engagement119.jpg,Engagement,jpg,224,224,7116
engagement12.jpg,Engagement,jpg,224,224,5417
engagement120.jpg,Engagement,jpg,224,224,7185
engagement121.jpg,Engagement,jpg,224,224,7122
engagement122.jpg,Engagement,jpg,224,224,7117
engagement123.jpg,Engagement,jpg,224,224,7230
engagement124.jpg,Engagement,jpg,224,224,7127
engagement125.jpg,Engagement,jpg,224,224,7154
engagement126.jpg,Engagement,jpg,224,224,7171
engagement127.jpg,Engagement,jpg,224,224,7129
engagement128.jpg,Engagement,jpg,224,224,7120
engagement129.jpg,Engagement,jpg,224,224,7212
engagement13.jpg,Engagement,jpg,224,224,5413
engagement130.jpg,Engagement,jpg,224,224,7160
engagement131.jpg,Engagement,jpg,224,224,7132
engagement132.jpg,Engagement,jpg,224,224,7176
engagement133.jpg,Engagement,jpg,224,224,7132
engagement134.jpg,Engagement,jpg,224,224,7139
engagement135.jpg,Engagement,jpg,224,224,7137
engagement136.jpg,Engagement,jpg,224,224,7066
engagement137.jpg,Engagement,jpg,224,224,7048
engagement138.jpg,Engagement,jpg,224,224,7152
engagement139.jpg,Engagement,jpg,224,224,7086
engagement14.jpg,Engagement,jpg,224,224,5413
engagement140.jpg,Engagement,jpg,224,224,7083
engagement141.jpg,Engagement,jpg,224,224,7137
engagement142.jpg,Engagement,jpg,224,224,7080
engagement143.jpg,Engagement,jpg,224,224,7072
engagement144.jpg,Engagement,jpg,224,224,7161
engagement145.jpg,Engagement,jpg,224,224,7082
engagement146.jpg,Engagement,jpg,224,224,7082
engagement147.jpg,Engagement,jpg,224,224,7141
engagement148.jpg,Engagement,jpg,224,224,7075
engagement149.jpg,Engagement,jpg,224,224,7052
engagement15.jpg,Engagement,jpg,224,224,5412
engagement150.jpg,Engagement,jpg,224,224,7162
engagement151.jpg,Engagement,jpg,224,224,7056
engagement152.jpg,Engagement,jpg,224,224,7031
engagement153.jpg,Engagement,jpg,224,224,7122
engagement154.jpg,Engagement,jpg,224,224,7067
engagement155.jpg,Engagement,jpg,224,224,7077
engagement156.jpg,Engagement,jpg,224,224,7143
engagement157.jpg,Engagement,jpg,224,224,7057
engagement158.jpg,Engagement,jpg,224,224,6984
engagement159.jpg,Engagement,jpg,224,224,7113
engagement16.jpg,Engagement,jpg,224,224,5419
engagement160.jpg,Engagement,jpg,224,224,7046
engagement161.jpg,Engagement,jpg,224,224,7084
engagement162.jpg,Engagement,jpg,224,224,7131
engagement163.jpg,Engagement,jpg,224,224,7078
engagement164.jpg,Engagement,jpg,224,224,7063
engagement165.jpg,Engagement,jpg,224,224,7106
engagement166.jpg,Engagement,jpg,224,224,7002
engagement167.jpg,Engagement,jpg,224,224,7004
engagement168.jpg,Engagement,jpg,224,224,7165
engagement169.jpg,Engagement,jpg,224,224,7112
engagement17.jpg,Engagement,jpg,224,224,5408
engagement170.jpg,Engagement,jpg,224,224,7119
engagement171.jpg,Engagement,jpg,224,224,7198
engagement172.jpg,Engagement,jpg,224,224,7117
engagement173.jpg,Engagement,jpg,224,224,7105
engagement174.jpg,Engagement,jpg,224,224,7133
engagement175.jpg,Engagement,jpg,224,224,7107
engagement176.jpg,Engagement,jpg,224,224,7138
engagement177.jpg,Engagement,jpg,224,224,7156
engagement178.jpg,Engagement,jpg,224,224,7074
engagement179.jpg,Engagement,jpg,224,224,7056
engagement18.jpg,Engagement,jpg,224,224,5454
engagement180.jpg,Engagement,jpg,224,224,7094
engagement181.jpg,Engagement,jpg,224,224,7096
engagement182.jpg,Engagement,jpg,224,224,7033
engagement183.jpg,Engagement,jpg,224,224,7166
engagement184.jpg,Engagement,jpg,224,224,7090
engagement185.jpg,Engagement,jpg,224,224,7068
engagement186.jpg,Engagement,jpg,224,224,5171
engagement187.jpg,Engagement,jpg,224,224,5177
engagement188.jpg,Engagement,jpg,224,224,5203
engagement189.jpg,Engagement,jpg,224,224,5425
engagement19.jpg,Engagement,jpg,224,224,5444
engagement190.jpg,Engagement,jpg,224,224,5423
engagement191.jpg,Engagement,jpg,224,224,5410
engagement192.jpg,Engagement,jpg,224,224,5877
engagement193.jpg,Engagement,jpg,224,224,5886
engagement194.jpg,Engagement,jpg,224,224,5869
engagement195.jpg,Engagement,jpg,224,224,5352
engagement196.jpg,Engagement,jpg,224,224,5310
engagement197.jpg,Engagement,jpg,224,224,5313
engagement198.jpg,Engagement,jpg,224,224,4289
engagement199.jpg,Engagement,jpg,224,224,4257
engagement2.jpg,Engagement,jpg,224,224,5341
engagement20.jpg,Engagement,jpg,224,224,5422
engagement200.jpg,Engagement,jpg,224,224,4282
engagement201.jpg,Engagement,jpg,224,224,4296
engagement202.jpg,Engagement,jpg,224,224,4302
engagement203.jpg,Engagement,jpg,224,224,4312
engagement204.jpg,Engagement,jpg,224,224,4310
engagement205.jpg,Engagement,jpg,224,224,4293
engagement206.jpg,Engagement,jpg,224,224,4277
engagement207.jpg,Engagement,jpg,224,224,4418
engagement208.jpg,Engagement,jpg,224,224,4378
engagement209.jpg,Engagement,jpg,224,224,4427
engagement21.jpg,Engagement,jpg,224,224,5440
engagement210.jpg,Engagement,jpg,224,224,4411
engagement211.jpg,Engagement,jpg,224,224,4421
engagement212.jpg,Engagement,jpg,224,224,4388
engagement213.jpg,Engagement,jpg,224,224,4388
engagement214.jpg,Engagement,jpg,224,224,4404
engagement215.jpg,Engagement,jpg,224,224,4401
engagement216.jpg,Engagement,jpg,224,224,4478
engagement217.jpg,Engagement,jpg,224,224,4452
engagement218.jpg,Engagement,jpg,224,224,4455
engagement219.jpg,Engagement,jpg,224,224,4500
engagement22.jpg,Engagement,jpg,224,224,5432
engagement220.jpg,Engagement,jpg,224,224,4479
engagement221.jpg,Engagement,jpg,224,224,4510
engagement222.jpg,Engagement,jpg,224,224,4439
engagement223.jpg,Engagement,jpg,224,224,4442
engagement224.jpg,Engagement,jpg,224,224,4464
engagement225.jpg,Engagement,jpg,224,224,4475
engagement226.jpg,Engagement,jpg,224,224,4467
engagement227.jpg,Engagement,jpg,224,224,4487
engagement228.jpg,Engagement,jpg,224,224,4327
engagement229.jpg,Engagement,jpg,224,224,4306
engagement23.jpg,Engagement,jpg,224,224,5422
engagement230.jpg,Engagement,jpg,224,224,4318
engagement231.jpg,Engagement,jpg,224,224,4441
engagement232.jpg,Engagement,jpg,224,224,4420
engagement233.jpg,Engagement,jpg,224,224,4461
engagement234.jpg,Engagement,jpg,224,224,4050
engagement235.jpg,Engagement,jpg,224,224,4028
engagement236.jpg,Engagement,jpg,224,224,4003
engagement237.jpg,Engagement,jpg,224,224,3736
engagement238.jpg,Engagement,jpg,224,224,3717
engagement239.jpg,Engagement,jpg,224,224,3738
engagement24.jpg,Engagement,jpg,224,224,5480
engagement240.jpg,Engagement,jpg,224,224,3753
engagement241.jpg,Engagement,jpg,224,224,3734
engagement242.jpg,Engagement,jpg,224,224,3708
engagement243.jpg,Engagement,jpg,224,224,3671
engagement244.jpg,Engagement,jpg,224,224,3662
engagement245.jpg,Engagement,jpg,224,224,3685
engagement246.jpg,Engagement,jpg,224,224,3691
engagement247.jpg,Engagement,jpg,224,224,3678
engagement248.jpg,Engagement,jpg,224,224,3678
engagement249.jpg,Engagement,jpg,224,224,3690
engagement25.jpg,Engagement,jpg,224,224,5464
engagement250.jpg,Engagement,jpg,224,224,3670
engagement251.jpg,Engagement,jpg,224,224,3671
engagement252.jpg,Engagement,jpg,224,224,3660
engagement253.jpg,Engagement,jpg,224,224,3664
engagement254.jpg,Engagement,jpg,224,224,3671
engagement255.jpg,Engagement,jpg,224,224,3677
engagement256.jpg,Engagement,jpg,224,224,3650
engagement257.jpg,Engagement,jpg,224,224,3638
engagement258.jpg,Engagement,jpg,224,224,3675
engagement259.jpg,Engagement,jpg,224,224,3654
engagement26.jpg,Engagement,jpg,224,224,5473
engagement260.jpg,Engagement,jpg,224,224,3656
engagement261.jpg,Engagement,jpg,224,224,3636
engagement262.jpg,Engagement,jpg,224,224,3621
engagement263.jpg,Engagement,jpg,224,224,3607
engagement264.jpg,Engagement,jpg,224,224,3642
engagement265.jpg,Engagement,jpg,224,224,3634
engagement266.jpg,Engagement,jpg,224,224,3619
engagement267.jpg,Engagement,jpg,224,224,3640
engagement268.jpg,Engagement,jpg,224,224,3611
engagement269.jpg,Engagement,jpg,224,224,3607
engagement27.jpg,Engagement,jpg,224,224,5509
engagement270.jpg,Engagement,jpg,224,224,3597
engagement271.jpg,Engagement,jpg,224,224,3584
engagement272.jpg,Engagement,jpg,224,224,3564
engagement273.jpg,Engagement,jpg,224,224,3567
engagement274.jpg,Engagement,jpg,224,224,3560
engagement275.jpg,Engagement,jpg,224,224,3548
engagement276.jpg,Engagement,jpg,224,224,3596
engagement277.jpg,Engagement,jpg,224,224,3566
engagement278.jpg,Engagement,jpg,224,224,3566
engagement279.jpg,Engagement,jpg,224,224,3527
engagement28.jpg,Engagement,jpg,224,224,5491
engagement280.jpg,Engagement,jpg,224,224,3516
engagement281.jpg,Engagement,jpg,224,224,3519
engagement282.jpg,Engagement,jpg,224,224,3777
engagement283.jpg,Engagement,jpg,224,224,3792
engagement284.jpg,Engagement,jpg,224,224,3773
engagement285.jpg,Engagement,jpg,224,224,3592
engagement286.jpg,Engagement,jpg,224,224,3576
engagement287.jpg,Engagement,jpg,224,224,3541
engagement288.jpg,Engagement,jpg,224,224,3556
engagement289.jpg,Engagement,jpg,224,224,3554
engagement29.jpg,Engagement,jpg,224,224,5474
engagement290.jpg,Engagement,jpg,224,224,3546
engagement291.jpg,Engagement,jpg,224,224,3591
engagement292.jpg,Engagement,jpg,224,224,3563
engagement293.jpg,Engagement,jpg,224,224,3556
engagement294.jpg,Engagement,jpg,224,224,3798
engagement295.jpg,Engagement,jpg,224,224,3766
engagement296.jpg,Engagement,jpg,224,224,3753
engagement297.jpg,Engagement,jpg,224,224,3855
engagement298.jpg,Engagement,jpg,224,224,3839
engagement299.jpg,Engagement,jpg,224,224,3813
engagement3.jpg,Engagement,jpg,224,224,5504
engagement30.jpg,Engagement,jpg,224,224,4032
engagement300.jpg,Engagement,jpg,224,224,4012
engagement301.jpg,Engagement,jpg,224,224,3979
engagement302.jpg,Engagement,jpg,224,224,3977
engagement303.jpg,Engagement,jpg,224,224,4020
engagement304.jpg,Engagement,jpg,224,224,3984
engagement305.jpg,Engagement,jpg,224,224,3971
engagement306.jpg,Engagement,jpg,224,224,4015
engagement307.jpg,Engagement,jpg,224,224,3998
engagement308.jpg,Engagement,jpg,224,224,3982
engagement309.jpg,Engagement,jpg,224,224,4012
engagement31.jpg,Engagement,jpg,224,224,4112
engagement310.jpg,Engagement,jpg,224,224,3988
engagement311.jpg,Engagement,jpg,224,224,3987
engagement312.jpg,Engagement,jpg,224,224,4066
engagement313.jpg,Engagement,jpg,224,224,4064
engagement314.jpg,Engagement,jpg,224,224,4037
engagement315.jpg,Engagement,jpg,224,224,3856
engagement316.jpg,Engagement,jpg,224,224,3838
engagement317.jpg,Engagement,jpg,224,224,3819
engagement318.jpg,Engagement,jpg,224,224,3969
engagement319.jpg,Engagement,jpg,224,224,3956
engagement32.jpg,Engagement,jpg,224,224,4061
engagement320.jpg,Engagement,jpg,224,224,3944
engagement321.jpg,Engagement,jpg,224,224,3651
engagement322.jpg,Engagement,jpg,224,224,3637
engagement323.jpg,Engagement,jpg,224,224,3649
engagement324.jpg,Engagement,jpg,224,224,3823
engagement325.jpg,Engagement,jpg,224,224,3814
engagement326.jpg,Engagement,jpg,224,224,3814
engagement327.jpg,Engagement,jpg,224,224,3654
engagement328.jpg,Engagement,jpg,224,224,3628
engagement329.jpg,Engagement,jpg,224,224,3610
engagement33.jpg,Engagement,jpg,224,224,4120
engagement330.jpg,Engagement,jpg,224,224,3620
engagement331.jpg,Engagement,jpg,224,224,3617
engagement332.jpg,Engagement,jpg,224,224,3611
engagement333.jpg,Engagement,jpg,224,224,3614
engagement334.jpg,Engagement,jpg,224,224,3611
engagement335.jpg,Engagement,jpg,224,224,3579
engagement336.jpg,Engagement,jpg,224,224,6536
engagement337.jpg,Engagement,jpg,224,224,6531
engagement338.jpg,Engagement,jpg,224,224,6509
engagement339.jpg,Engagement,jpg,224,224,6470
engagement34.jpg,Engagement,jpg,224,224,4052
engagement340.jpg,Engagement,jpg,224,224,6460
engagement341.jpg,Engagement,jpg,224,224,6444
engagement342.jpg,Engagement,jpg,224,224,6453
engagement343.jpg,Engagement,jpg,224,224,6435
engagement344.jpg,Engagement,jpg,224,224,6432
engagement345.jpg,Engagement,jpg,224,224,6515
engagement346.jpg,Engagement,jpg,224,224,6487
engagement347.jpg,Engagement,jpg,224,224,6482
engagement348.jpg,Engagement,jpg,224,224,6401
engagement349.jpg,Engagement,jpg,224,224,6382
engagement35.jpg,Engagement,jpg,224,224,4062
engagement350.jpg,Engagement,jpg,224,224,6361
engagement351.jpg,Engagement,jpg,224,224,6407
engagement352.jpg,Engagement,jpg,224,224,6390
engagement353.jpg,Engagement,jpg,224,224,6396
engagement354.jpg,Engagement,jpg,224,224,6550
engagement355.jpg,Engagement,jpg,224,224,6531
engagement356.jpg,Engagement,jpg,224,224,6525
engagement357.jpg,Engagement,jpg,224,224,6431
engagement358.jpg,Engagement,jpg,224,224,6442
engagement359.jpg,Engagement,jpg,224,224,6414
engagement36.jpg,Engagement,jpg,224,224,4079
engagement360.jpg,Engagement,jpg,224,224,6496
engagement361.jpg,Engagement,jpg,224,224,6486
engagement362.jpg,Engagement,jpg,224,224,6504
engagement363.jpg,Engagement,jpg,224,224,6469
engagement364.jpg,Engagement,jpg,224,224,6438
engagement365.jpg,Engagement,jpg,224,224,6443
engagement366.jpg,Engagement,jpg,224,224,6411
engagement367.jpg,Engagement,jpg,224,224,6372
engagement368.jpg,Engagement,jpg,224,224,6401
engagement369.jpg,Engagement,jpg,224,224,6414
engagement37.jpg,Engagement,jpg,224,224,4074
engagement370.jpg,Engagement,jpg,224,224,6389
engagement371.jpg,Engagement,jpg,224,224,6392
engagement372.jpg,Engagement,jpg,224,224,6404
engagement373.jpg,Engagement,jpg,224,224,6383
engagement374.jpg,Engagement,jpg,224,224,6368
engagement375.jpg,Engagement,jpg,224,224,6378
engagement376.jpg,Engagement,jpg,224,224,6367
engagement377.jpg,Engagement,jpg,224,224,6378
engagement378.jpg,Engagement,jpg,224,224,6377
engagement379.jpg,Engagement,jpg,224,224,6365
engagement38.jpg,Engagement,jpg,224,224,4020
engagement380.jpg,Engagement,jpg,224,224,6363
engagement381.jpg,Engagement,jpg,224,224,6399
engagement382.jpg,Engagement,jpg,224,224,6393
engagement383.jpg,Engagement,jpg,224,224,6372
engagement384.jpg,Engagement,jpg,224,224,6395
engagement385.jpg,Engagement,jpg,224,224,6383
engagement386.jpg,Engagement,jpg,224,224,6370
engagement387.jpg,Engagement,jpg,224,224,6382
engagement388.jpg,Engagement,jpg,224,224,6370
engagement389.jpg,Engagement,jpg,224,224,6383
engagement39.jpg,Engagement,jpg,224,224,4026
engagement390.jpg,Engagement,jpg,224,224,6399
engagement391.jpg,Engagement,jpg,224,224,6386
engagement392.jpg,Engagement,jpg,224,224,6399
engagement393.jpg,Engagement,jpg,224,224,6357
engagement394.jpg,Engagement,jpg,224,224,6350
engagement395.jpg,Engagement,jpg,224,224,6346
engagement396.jpg,Engagement,jpg,224,224,6386
engagement397.jpg,Engagement,jpg,224,224,6394
engagement398.jpg,Engagement,jpg,224,224,6370
engagement399.jpg,Engagement,jpg,224,224,6381
engagement4.jpg,Engagement,jpg,224,224,5467
engagement40.jpg,Engagement,jpg,224,224,3997
engagement400.jpg,Engagement,jpg,224,224,6381
engagement401.jpg,Engagement,jpg,224,224,6376
engagement402.jpg,Engagement,jpg,224,224,6408
engagement403.jpg,Engagement,jpg,224,224,6414
engagement404.jpg,Engagement,jpg,224,224,6411
engagement41.jpg,Engagement,jpg,224,224,4032
engagement42.jpg,Engagement,jpg,224,224,4041
engagement43.jpg,Engagement,jpg,224,224,4059
engagement44.jpg,Engagement,jpg,224,224,4051
engagement45.jpg,Engagement,jpg,224,224,4035
engagement46.jpg,Engagement,jpg,224,224,3996
engagement47.jpg,Engagement,jpg,224,224,4025
engagement48.jpg,Engagement,jpg,224,224,4055
engagement49.jpg,Engagement,jpg,224,224,3997
engagement5.jpg,Engagement,jpg,224,224,5444
engagement50.jpg,Engagement,jpg,224,224,4004
engagement51.jpg,Engagement,jpg,224,224,4072
engagement52.jpg,Engagement,jpg,224,224,4050
engagement53.jpg,Engagement,jpg,224,224,4021
engagement54.jpg,Engagement,jpg,224,224,4022
engagement55.jpg,Engagement,jpg,224,224,4067
engagement56.jpg,Engagement,jpg,224,224,4002
engagement57.jpg,Engagement,jpg,224,224,4031
engagement58.jpg,Engagement,jpg,224,224,4010
engagement59.jpg,Engagement,jpg,224,224,3986
engagement6.jpg,Engagement,jpg,224,224,5508
engagement60.jpg,Engagement,jpg,224,224,4039
engagement61.jpg,Engagement,jpg,224,224,4063
engagement62.jpg,Engagement,jpg,224,224,4051
engagement63.jpg,Engagement,jpg,224,224,4058
engagement64.jpg,Engagement,jpg,224,224,4057
engagement65.jpg,Engagement,jpg,224,224,4067
engagement66.jpg,Engagement,jpg,224,224,4070
engagement67.jpg,Engagement,jpg,224,224,4103
engagement68.jpg,Engagement,jpg,224,224,4066
engagement69.jpg,Engagement,jpg,224,224,4087
engagement7.jpg,Engagement,jpg,224,224,5492
engagement70.jpg,Engagement,jpg,224,224,4084
engagement71.jpg,Engagement,jpg,224,224,4078
engagement72.jpg,Engagement,jpg,224,224,4183
engagement73.jpg,Engagement,jpg,224,224,4154
engagement74.jpg,Engagement,jpg,224,224,4134
engagement75.jpg,Engagement,jpg,224,224,4265
engagement76.jpg,Engagement,jpg,224,224,4260
engagement77.jpg,Engagement,jpg,224,224,4259
engagement78.jpg,Engagement,jpg,224,224,4221
engagement79.jpg,Engagement,jpg,224,224,4206
engagement8.jpg,Engagement,jpg,224,224,5465
engagement80.jpg,Engagement,jpg,224,224,4199
engagement81.jpg,Engagement,jpg,224,224,4250
engagement82.jpg,Engagement,jpg,224,224,4274
engagement83.jpg,Engagement,jpg,224,224,4303
engagement84.jpg,Engagement,jpg,224,224,4243
engagement85.jpg,Engagement,jpg,224,224,4238
engagement86.jpg,Engagement,jpg,224,224,4219
engagement87.jpg,Engagement,jpg,224,224,4083
engagement88.jpg,Engagement,jpg,224,224,4111
engagement89.jpg,Engagement,jpg,224,224,4109
engagement9.jpg,Engagement,jpg,224,224,5450
engagement90.jpg,Engagement,jpg,224,224,4070
engagement91.jpg,Engagement,jpg,224,224,4041
engagement92.jpg,Engagement,jpg,224,224,4055
engagement93.jpg,Engagement,jpg,224,224,4068
engagement94.jpg,Engagement,jpg,224,224,4074
engagement95.jpg,Engagement,jpg,224,224,4099
engagement96.jpg,Engagement,jpg,224,224,4108
engagement97.jpg,Engagement,jpg,224,224,4111
engagement98.jpg,Engagement,jpg,224,224,4146
engagement99.jpg,Engagement,jpg,224,224,4064
ffhq_72.jpg,Neutral,jpg,224,224,7352
ffhq_73.jpg,Neutral,jpg,224,224,6402
ffhq_74.jpg,Neutral,jpg,224,224,7358
ffhq_751.jpg,Neutral,jpg,224,224,6291
ffhq_752.jpg,Neutral,jpg,224,224,6050
ffhq_753.jpg,Neutral,jpg,224,224,8241
ffhq_754.jpg,Neutral,jpg,224,224,6112
ffhq_755.jpg,Neutral,jpg,224,224,6653
ffhq_756.jpg,Neutral,jpg,224,224,6815
ffhq_757.jpg,Neutral,jpg,224,224,6588
ffhq_758.jpg,Neutral,jpg,224,224,6927
ffhq_759.jpg,Neutral,jpg,224,224,7704
ffhq_76.jpg,Neutral,jpg,224,224,7688
ffhq_760.jpg,Neutral,jpg,224,224,6959
ffhq_761.jpg,Neutral,jpg,224,224,5665
ffhq_762.jpg,Neutral,jpg,224,224,6606
ffhq_763.jpg,Neutral,jpg,224,224,7224
ffhq_764.jpg,Neutral,jpg,224,224,6717
ffhq_765.jpg,Neutral,jpg,224,224,5874
ffhq_766.jpg,Neutral,jpg,224,224,8717
ffhq_767.jpg,Neutral,jpg,224,224,6626
ffhq_768.jpg,Neutral,jpg,224,224,7181
ffhq_769.jpg,Neutral,jpg,224,224,8762
ffhq_77.jpg,Neutral,jpg,224,224,7857
ffhq_770.jpg,Neutral,jpg,224,224,5508
ffhq_771.jpg,Neutral,jpg,224,224,7956
ffhq_772.jpg,Neutral,jpg,224,224,7686
ffhq_773.jpg,Neutral,jpg,224,224,7631
ffhq_774.jpg,Neutral,jpg,224,224,6639
ffhq_775.jpg,Neutral,jpg,224,224,7121
ffhq_776.jpg,Neutral,jpg,224,224,7162
ffhq_777.jpg,Neutral,jpg,224,224,7105
ffhq_778.jpg,Neutral,jpg,224,224,9525
ffhq_779.jpg,Neutral,jpg,224,224,7031
ffhq_78.jpg,Neutral,jpg,224,224,5207
ffhq_780.jpg,Neutral,jpg,224,224,7645
ffhq_781.jpg,Neutral,jpg,224,224,5930
ffhq_782.jpg,Neutral,jpg,224,224,8064
ffhq_783.jpg,Neutral,jpg,224,224,6961
ffhq_784.jpg,Neutral,jpg,224,224,7614
ffhq_785.jpg,Neutral,jpg,224,224,7199
ffhq_786.jpg,Neutral,jpg,224,224,6259
ffhq_787.jpg,Neutral,jpg,224,224,7348
ffhq_788.jpg,Neutral,jpg,224,224,6603
ffhq_789.jpg,Neutral,jpg,224,224,8521
ffhq_79.jpg,Neutral,jpg,224,224,6044
ffhq_790.jpg,Neutral,jpg,224,224,6676
ffhq_791.jpg,Neutral,jpg,224,224,6167
ffhq_792.jpg,Neutral,jpg,224,224,7716
ffhq_793.jpg,Neutral,jpg,224,224,6431
ffhq_794.jpg,Neutral,jpg,224,224,6979
ffhq_795.jpg,Neutral,jpg,224,224,6119
ffhq_796.jpg,Neutral,jpg,224,224,6436
ffhq_797.jpg,Neutral,jpg,224,224,9276
ffhq_798.jpg,Neutral,jpg,224,224,6773
ffhq_799.jpg,Neutral,jpg,224,224,8629
ffhq_8.jpg,Neutral,jpg,224,224,6855
ffhq_80.jpg,Neutral,jpg,224,224,7223
ffhq_800.jpg,Neutral,jpg,224,224,5780
ffhq_801.jpg,Neutral,jpg,224,224,10653
ffhq_802.jpg,Neutral,jpg,224,224,6211
ffhq_803.jpg,Neutral,jpg,224,224,6397
ffhq_804.jpg,Neutral,jpg,224,224,6698
ffhq_805.jpg,Neutral,jpg,224,224,10070
ffhq_806.jpg,Neutral,jpg,224,224,8761
ffhq_807.jpg,Neutral,jpg,224,224,7147
ffhq_808.jpg,Neutral,jpg,224,224,9544
ffhq_809.jpg,Neutral,jpg,224,224,7268
ffhq_81.jpg,Neutral,jpg,224,224,6735
ffhq_810.jpg,Neutral,jpg,224,224,7282
ffhq_811.jpg,Neutral,jpg,224,224,6173
ffhq_812.jpg,Neutral,jpg,224,224,6858
ffhq_813.jpg,Neutral,jpg,224,224,6858
ffhq_814.jpg,Neutral,jpg,224,224,7059
ffhq_815.jpg,Neutral,jpg,224,224,6722
ffhq_816.jpg,Neutral,jpg,224,224,5718
ffhq_817.jpg,Neutral,jpg,224,224,7686
ffhq_818.jpg,Neutral,jpg,224,224,6915
ffhq_819.jpg,Neutral,jpg,224,224,8359
ffhq_82.jpg,Neutral,jpg,224,224,7960
ffhq_820.jpg,Neutral,jpg,224,224,6434
ffhq_821.jpg,Neutral,jpg,224,224,7155
ffhq_822.jpg,Neutral,jpg,224,224,7577
ffhq_823.jpg,Neutral,jpg,224,224,7310
ffhq_824.jpg,Neutral,jpg,224,224,6727
ffhq_825.jpg,Neutral,jpg,224,224,7328
ffhq_826.jpg,Neutral,jpg,224,224,6832
ffhq_827.jpg,Neutral,jpg,224,224,6861
ffhq_828.jpg,Neutral,jpg,224,224,8548
ffhq_829.jpg,Neutral,jpg,224,224,7370
ffhq_83.jpg,Neutral,jpg,224,224,5992
ffhq_830.jpg,Neutral,jpg,224,224,6082
ffhq_831.jpg,Neutral,jpg,224,224,6363
ffhq_832.jpg,Neutral,jpg,224,224,7182
ffhq_833.jpg,Neutral,jpg,224,224,7389
ffhq_834.jpg,Neutral,jpg,224,224,7476
ffhq_835.jpg,Neutral,jpg,224,224,8971
ffhq_836.jpg,Neutral,jpg,224,224,6086
ffhq_837.jpg,Neutral,jpg,224,224,8024
ffhq_838.jpg,Neutral,jpg,224,224,8812
ffhq_839.jpg,Neutral,jpg,224,224,5581
ffhq_84.jpg,Neutral,jpg,224,224,8572
ffhq_840.jpg,Neutral,jpg,224,224,7408
ffhq_841.jpg,Neutral,jpg,224,224,6259
ffhq_842.jpg,Neutral,jpg,224,224,9208
ffhq_843.jpg,Neutral,jpg,224,224,6510
ffhq_844.jpg,Neutral,jpg,224,224,6890
ffhq_845.jpg,Neutral,jpg,224,224,7975
ffhq_846.jpg,Neutral,jpg,224,224,7346
ffhq_847.jpg,Neutral,jpg,224,224,8135
ffhq_848.jpg,Neutral,jpg,224,224,7803
ffhq_849.jpg,Neutral,jpg,224,224,6114
ffhq_85.jpg,Neutral,jpg,224,224,6992
ffhq_850.jpg,Neutral,jpg,224,224,8229
ffhq_851.jpg,Neutral,jpg,224,224,7050
ffhq_852.jpg,Neutral,jpg,224,224,7915
ffhq_853.jpg,Neutral,jpg,224,224,6954
ffhq_854.jpg,Neutral,jpg,224,224,7102
ffhq_855.jpg,Neutral,jpg,224,224,8793
ffhq_856.jpg,Neutral,jpg,224,224,7935
ffhq_857.jpg,Neutral,jpg,224,224,8469
ffhq_858.jpg,Neutral,jpg,224,224,7396
ffhq_859.jpg,Neutral,jpg,224,224,6138
ffhq_86.jpg,Neutral,jpg,224,224,5237
ffhq_860.jpg,Neutral,jpg,224,224,9132
ffhq_861.jpg,Neutral,jpg,224,224,8725
ffhq_862.jpg,Neutral,jpg,224,224,7137
ffhq_863.jpg,Neutral,jpg,224,224,5692
ffhq_864.jpg,Neutral,jpg,224,224,6185
ffhq_865.jpg,Neutral,jpg,224,224,7878
ffhq_866.jpg,Neutral,jpg,224,224,7684
ffhq_867.jpg,Neutral,jpg,224,224,5874
ffhq_868.jpg,Neutral,jpg,224,224,7339
ffhq_869.jpg,Neutral,jpg,224,224,8649
ffhq_87.jpg,Neutral,jpg,224,224,7156
ffhq_870.jpg,Neutral,jpg,224,224,6531
ffhq_871.jpg,Neutral,jpg,224,224,7199
ffhq_872.jpg,Neutral,jpg,224,224,6482
ffhq_873.jpg,Neutral,jpg,224,224,6832
ffhq_874.jpg,Neutral,jpg,224,224,7168
ffhq_875.jpg,Neutral,jpg,224,224,7418
ffhq_876.jpg,Neutral,jpg,224,224,7259
ffhq_877.jpg,Neutral,jpg,224,224,6186
ffhq_878.jpg,Neutral,jpg,224,224,5707
ffhq_879.jpg,Neutral,jpg,224,224,7944
ffhq_88.jpg,Neutral,jpg,224,224,7323
ffhq_880.jpg,Neutral,jpg,224,224,7240
ffhq_881.jpg,Neutral,jpg,224,224,6683
ffhq_882.jpg,Neutral,jpg,224,224,8212
ffhq_883.jpg,Neutral,jpg,224,224,7769
ffhq_884.jpg,Neutral,jpg,224,224,5391
ffhq_885.jpg,Neutral,jpg,224,224,7139
ffhq_886.jpg,Neutral,jpg,224,224,7062
ffhq_887.jpg,Neutral,jpg,224,224,7761
ffhq_888.jpg,Neutral,jpg,224,224,8991
ffhq_889.jpg,Neutral,jpg,224,224,6960
ffhq_89.jpg,Neutral,jpg,224,224,7315
ffhq_890.jpg,Neutral,jpg,224,224,6938
ffhq_891.jpg,Neutral,jpg,224,224,6696
ffhq_892.jpg,Neutral,jpg,224,224,6647
ffhq_893.jpg,Neutral,jpg,224,224,6320
ffhq_894.jpg,Neutral,jpg,224,224,6720
ffhq_895.jpg,Neutral,jpg,224,224,7406
ffhq_896.jpg,Neutral,jpg,224,224,7035
ffhq_897.jpg,Neutral,jpg,224,224,6698
ffhq_898.jpg,Neutral,jpg,224,224,6306
ffhq_899.jpg,Neutral,jpg,224,224,7467
ffhq_9.jpg,Neutral,jpg,224,224,7628
ffhq_90.jpg,Neutral,jpg,224,224,6268
ffhq_900.jpg,Neutral,jpg,224,224,7839
ffhq_901.jpg,Neutral,jpg,224,224,6377
ffhq_902.jpg,Neutral,jpg,224,224,6126
ffhq_903.jpg,Neutral,jpg,224,224,7453
ffhq_904.jpg,Neutral,jpg,224,224,6586
ffhq_905.jpg,Neutral,jpg,224,224,7577
ffhq_906.jpg,Neutral,jpg,224,224,6430
ffhq_907.jpg,Neutral,jpg,224,224,6316
ffhq_908.jpg,Neutral,jpg,224,224,8053
ffhq_909.jpg,Neutral,jpg,224,224,7463
ffhq_91.jpg,Neutral,jpg,224,224,6582
ffhq_910.jpg,Neutral,jpg,224,224,6200
ffhq_911.jpg,Neutral,jpg,224,224,6998
ffhq_912.jpg,Neutral,jpg,224,224,7003
ffhq_913.jpg,Neutral,jpg,224,224,7388
ffhq_914.jpg,Neutral,jpg,224,224,7443
ffhq_915.jpg,Neutral,jpg,224,224,6216
ffhq_916.jpg,Neutral,jpg,224,224,6993
ffhq_917.jpg,Neutral,jpg,224,224,7415
ffhq_918.jpg,Neutral,jpg,224,224,8797
ffhq_919.jpg,Neutral,jpg,224,224,6148
ffhq_92.jpg,Neutral,jpg,224,224,6831
ffhq_920.jpg,Neutral,jpg,224,224,6276
ffhq_921.jpg,Neutral,jpg,224,224,5553
ffhq_922.jpg,Neutral,jpg,224,224,5785
ffhq_923.jpg,Neutral,jpg,224,224,6274
ffhq_924.jpg,Neutral,jpg,224,224,6501
ffhq_925.jpg,Neutral,jpg,224,224,9584
ffhq_926.jpg,Neutral,jpg,224,224,9458
ffhq_927.jpg,Neutral,jpg,224,224,8425
ffhq_928.jpg,Neutral,jpg,224,224,7289
ffhq_929.jpg,Neutral,jpg,224,224,6377
ffhq_93.jpg,Neutral,jpg,224,224,8262
ffhq_930.jpg,Neutral,jpg,224,224,7880
ffhq_931.jpg,Neutral,jpg,224,224,6860
ffhq_932.jpg,Neutral,jpg,224,224,6387
ffhq_933.jpg,Neutral,jpg,224,224,8939
ffhq_934.jpg,Neutral,jpg,224,224,8979
ffhq_935.jpg,Neutral,jpg,224,224,7656
ffhq_936.jpg,Neutral,jpg,224,224,7494
ffhq_937.jpg,Neutral,jpg,224,224,6779
ffhq_938.jpg,Neutral,jpg,224,224,6582
ffhq_939.jpg,Neutral,jpg,224,224,7848
ffhq_94.jpg,Neutral,jpg,224,224,5867
ffhq_940.jpg,Neutral,jpg,224,224,6777
ffhq_941.jpg,Neutral,jpg,224,224,6077
ffhq_942.jpg,Neutral,jpg,224,224,6061
ffhq_943.jpg,Neutral,jpg,224,224,6767
ffhq_944.jpg,Neutral,jpg,224,224,6615
ffhq_945.jpg,Neutral,jpg,224,224,5879
ffhq_946.jpg,Neutral,jpg,224,224,5959
ffhq_947.jpg,Neutral,jpg,224,224,6730
ffhq_948.jpg,Neutral,jpg,224,224,7218
ffhq_949.jpg,Neutral,jpg,224,224,8108
ffhq_95.jpg,Neutral,jpg,224,224,6025
ffhq_950.jpg,Neutral,jpg,224,224,6188
ffhq_951.jpg,Neutral,jpg,224,224,7400
ffhq_952.jpg,Neutral,jpg,224,224,8796
ffhq_953.jpg,Neutral,jpg,224,224,7810
ffhq_954.jpg,Neutral,jpg,224,224,8035
ffhq_955.jpg,Neutral,jpg,224,224,7467
ffhq_956.jpg,Neutral,jpg,224,224,8163
ffhq_957.jpg,Neutral,jpg,224,224,6063
ffhq_958.jpg,Neutral,jpg,224,224,7389
ffhq_959.jpg,Neutral,jpg,224,224,6826
ffhq_96.jpg,Neutral,jpg,224,224,8322
ffhq_960.jpg,Neutral,jpg,224,224,6962
ffhq_961.jpg,Neutral,jpg,224,224,8954
ffhq_962.jpg,Neutral,jpg,224,224,8463
ffhq_963.jpg,Neutral,jpg,224,224,8399
ffhq_964.jpg,Neutral,jpg,224,224,6732
ffhq_965.jpg,Neutral,jpg,224,224,7959
ffhq_966.jpg,Neutral,jpg,224,224,7345
ffhq_967.jpg,Neutral,jpg,224,224,7653
ffhq_968.jpg,Neutral,jpg,224,224,7954
ffhq_969.jpg,Neutral,jpg,224,224,6347
ffhq_97.jpg,Neutral,jpg,224,224,6646
ffhq_970.jpg,Neutral,jpg,224,224,6000
ffhq_971.jpg,Neutral,jpg,224,224,5989
ffhq_972.jpg,Neutral,jpg,224,224,5881
ffhq_973.jpg,Neutral,jpg,224,224,7690
ffhq_974.jpg,Neutral,jpg,224,224,8872
ffhq_975.jpg,Neutral,jpg,224,224,7537
ffhq_976.jpg,Neutral,jpg,224,224,7361
ffhq_977.jpg,Neutral,jpg,224,224,7434
ffhq_978.jpg,Neutral,jpg,224,224,7862
ffhq_979.jpg,Neutral,jpg,224,224,9271
ffhq_98.jpg,Neutral,jpg,224,224,6053
ffhq_980.jpg,Neutral,jpg,224,224,5791
ffhq_981.jpg,Neutral,jpg,224,224,7275
ffhq_982.jpg,Neutral,jpg,224,224,7540
ffhq_983.jpg,Neutral,jpg,224,224,6564
ffhq_984.jpg,Neutral,jpg,224,224,6568
ffhq_985.jpg,Neutral,jpg,224,224,6494
ffhq_986.jpg,Neutral,jpg,224,224,7500
ffhq_987.jpg,Neutral,jpg,224,224,6962
ffhq_988.jpg,Neutral,jpg,224,224,7300
ffhq_989.jpg,Neutral,jpg,224,224,5741
ffhq_99.jpg,Neutral,jpg,224,224,6529
ffhq_990.jpg,Neutral,jpg,224,224,6768
ffhq_991.jpg,Neutral,jpg,224,224,7059
ffhq_992.jpg,Neutral,jpg,224,224,6729
ffhq_993.jpg,Neutral,jpg,224,224,6002
ffhq_994.jpg,Neutral,jpg,224,224,7221
ffhq_995.jpg,Neutral,jpg,224,224,8195
ffhq_996.jpg,Neutral,jpg,224,224,7694
ffhq_997.jpg,Neutral,jpg,224,224,6869
ffhq_998.jpg,Neutral,jpg,224,224,8773
ffhq_999.jpg,Neutral,jpg,224,224,7371
image0000879.jpg,Neutral,jpg,224,224,6741
image0000939.jpg,Neutral,jpg,224,224,6861
image0002899.jpg,Neutral,jpg,224,224,6603
image0006632.jpg,Neutral,jpg,224,224,6667
image0006723.jpg,Neutral,jpg,224,224,7557
image0010108.jpg,Neutral,jpg,224,224,7982
image0013985.jpg,Neutral,jpg,224,224,8674
image0013998.jpg,Neutral,jpg,224,224,7498
image0014042.jpg,Neutral,jpg,224,224,5520
image0014239.jpg,Neutral,jpg,224,224,5949
image0014283.jpg,Neutral,jpg,224,224,9569
image0014286.jpg,Neutral,jpg,224,224,7197
image0014294.jpg,Neutral,jpg,224,224,7488
image0014465.jpg,Neutral,jpg,224,224,7212
image0014476.jpg,Neutral,jpg,224,224,7057
image0014496.jpg,Neutral,jpg,224,224,8318
image0014532.jpg,Neutral,jpg,224,224,5629
image0014758.jpg,Neutral,jpg,224,224,6870
image0014941.jpg,Neutral,jpg,224,224,4980
image0014997.jpg,Neutral,jpg,224,224,7914
image0015048.jpg,Neutral,jpg,224,224,9079
image0015250.jpg,Neutral,jpg,224,224,7949
image0015262.jpg,Neutral,jpg,224,224,6858
image0015342.jpg,Neutral,jpg,224,224,6650
image0015462.jpg,Neutral,jpg,224,224,5978
image0015510.jpg,Neutral,jpg,224,224,7204
image0015518.jpg,Neutral,jpg,224,224,6981
image0015635.jpg,Neutral,jpg,224,224,8389
image0015697.jpg,Neutral,jpg,224,224,8402
image0016093.jpg,Neutral,jpg,224,224,8164
image0016112.jpg,Neutral,jpg,224,224,6985
image0016125.jpg,Neutral,jpg,224,224,7471
image0016153.jpg,Neutral,jpg,224,224,7026
image0016197.jpg,Neutral,jpg,224,224,8559
image0016322.jpg,Neutral,jpg,224,224,6862
image0016706.jpg,Neutral,jpg,224,224,8524
image0016793.jpg,Neutral,jpg,224,224,7944
image0016821.jpg,Neutral,jpg,224,224,7133
image0018903.jpg,Neutral,jpg,224,224,7208
image0021813.jpg,Neutral,jpg,224,224,8102
image0021856.jpg,Neutral,jpg,224,224,6186
image0021886.jpg,Neutral,jpg,224,224,6180
image0021913.jpg,Neutral,jpg,224,224,7804
image0022220.jpg,Neutral,jpg,224,224,5769
image0022287.jpg,Neutral,jpg,224,224,7787
image0022295.jpg,Neutral,jpg,224,224,7696
image0022352.jpg,Neutral,jpg,224,224,8093
image0022379.jpg,Neutral,jpg,224,224,6699
image0022382.jpg,Neutral,jpg,224,224,5792
image0022384.jpg,Neutral,jpg,224,224,6469
image0022449.jpg,Neutral,jpg,224,224,6355
image0022536.jpg,Neutral,jpg,224,224,6627
image0022731.jpg,Neutral,jpg,224,224,5280
image0022736.jpg,Neutral,jpg,224,224,5614
image0022739.jpg,Neutral,jpg,224,224,7300
image0022873.jpg,Neutral,jpg,224,224,7204
image0022983.jpg,Neutral,jpg,224,224,5974
image0023293.jpg,Neutral,jpg,224,224,7789
image0024448.jpg,Neutral,jpg,224,224,6622
image0027781.jpg,Neutral,jpg,224,224,5765
image0027804.jpg,Neutral,jpg,224,224,6806
image0028007.jpg,Neutral,jpg,224,224,6699
image0029002.jpg,Neutral,jpg,224,224,6853
image0029082.jpg,Neutral,jpg,224,224,7284
image0029148.jpg,Neutral,jpg,224,224,7178
image0030755.jpg,Neutral,jpg,224,224,6457
image0030786.jpg,Neutral,jpg,224,224,8210
image0030852.jpg,Neutral,jpg,224,224,7109
image0030861.jpg,Neutral,jpg,224,224,6384
image0030914.jpg,Neutral,jpg,224,224,7748
image0030963.jpg,Neutral,jpg,224,224,8207
image0030988.jpg,Neutral,jpg,224,224,5770
image0030989.jpg,Neutral,jpg,224,224,5864
image0031226.jpg,Neutral,jpg,224,224,7995
image0031251.jpg,Neutral,jpg,224,224,7016
image0031290.jpg,Neutral,jpg,224,224,5901
image0031458.jpg,Neutral,jpg,224,224,6669
image0031590.jpg,Neutral,jpg,224,224,8265
image0031608.jpg,Neutral,jpg,224,224,6629
image0031666.jpg,Neutral,jpg,224,224,7199
image0031768.jpg,Neutral,jpg,224,224,5121
image0031779.jpg,Neutral,jpg,224,224,8324
image0031787.jpg,Neutral,jpg,224,224,5343
image0031841.jpg,Neutral,jpg,224,224,7227
image0032112.jpg,Neutral,jpg,224,224,6283
image0032130.jpg,Neutral,jpg,224,224,9740
image0032152.jpg,Neutral,jpg,224,224,6961
image0032187.jpg,Neutral,jpg,224,224,8812
image0032224.jpg,Neutral,jpg,224,224,7515
image0032248.jpg,Neutral,jpg,224,224,5937
image0032272.jpg,Neutral,jpg,224,224,8466
image0032326.jpg,Neutral,jpg,224,224,7120
image0032330.jpg,Neutral,jpg,224,224,6455
image0032335.jpg,Neutral,jpg,224,224,7536
image0032343.jpg,Neutral,jpg,224,224,7385
image0032405.jpg,Neutral,jpg,224,224,7630
image0032414.jpg,Neutral,jpg,224,224,6018
image0032477.jpg,Neutral,jpg,224,224,6958
image0032490.jpg,Neutral,jpg,224,224,6514
image0032495.jpg,Neutral,jpg,224,224,6883
image0032511.jpg,Neutral,jpg,224,224,8232
image0032517.jpg,Neutral,jpg,224,224,8779
image0032523.jpg,Neutral,jpg,224,224,8030
image0032569.jpg,Neutral,jpg,224,224,8143
image0032693.jpg,Neutral,jpg,224,224,8171
image0032769.jpg,Neutral,jpg,224,224,6535
image0032772.jpg,Neutral,jpg,224,224,6840
image0032861.jpg,Neutral,jpg,224,224,8281
image0032874.jpg,Neutral,jpg,224,224,7539
image0032882.jpg,Neutral,jpg,224,224,7287
image0032905.jpg,Neutral,jpg,224,224,6393
image0032920.jpg,Neutral,jpg,224,224,5719
image0033249.jpg,Neutral,jpg,224,224,7134
image0033250.jpg,Neutral,jpg,224,224,5425
image0037009.jpg,Neutral,jpg,224,224,6882
image0037425.jpg,Neutral,jpg,224,224,7020
image0037645.jpg,Neutral,jpg,224,224,5948
image0037703.jpg,Neutral,jpg,224,224,7181
image0037769.jpg,Neutral,jpg,224,224,8396
image0037827.jpg,Neutral,jpg,224,224,7356
image0040535.jpg,Neutral,jpg,224,224,6634
image0041122.jpg,Neutral,jpg,224,224,7269
image0041520.jpg,Neutral,jpg,224,224,5455
image0041848.jpg,Neutral,jpg,224,224,7001
image0041877.jpg,Neutral,jpg,224,224,8608
image989898889.jpg,Neutral,jpg,224,224,7211
image9999989.jpg,Neutral,jpg,224,224,5628
original_result.jpg,Neutral,jpg,224,224,6499
