Image_Path,Label
S:/concordia/all_terms/fall_2023/AAI/Phase3/AAI_Project/Facial_Expression_Detection/Facial_Expression_Detection/Final_dataset\Female\Teen\Angry\image0020823.jpg,0
S:/concordia/all_terms/fall_2023/AAI/Phase3/AAI_Project/Facial_Expression_Detection/Facial_Expression_Detection/Final_dataset\Female\Teen\Angry\image0020948.jpg,0
S:/concordia/all_terms/fall_2023/AAI/Phase3/AAI_Project/Facial_Expression_Detection/Facial_Expression_Detection/Final_dataset\Female\Teen\Angry\image0020983.jpg,0
S:/concordia/all_terms/fall_2023/AAI/Phase3/AAI_Project/Facial_Expression_Detection/Facial_Expression_Detection/Final_dataset\Female\Teen\Angry\image0021210.jpg,0
S:/concordia/all_terms/fall_2023/AAI/Phase3/AAI_Project/Facial_Expression_Detection/Facial_Expression_Detection/Final_dataset\Female\Teen\Angry\image0021269.jpg,0
S:/concordia/all_terms/fall_2023/AAI/Phase3/AAI_Project/Facial_Expression_Detection/Facial_Expression_Detection/Final_dataset\Female\Teen\Angry\image0021299.jpg,0
S:/concordia/all_terms/fall_2023/AAI/Phase3/AAI_Project/Facial_Expression_Detection/Facial_Expression_Detection/Final_dataset\Female\Teen\Angry\image0021384.jpg,0
S:/concordia/all_terms/fall_2023/AAI/Phase3/AAI_Project/Facial_Expression_Detection/Facial_Expression_Detection/Final_dataset\Female\Teen\Angry\image0021825.jpg,0
S:/concordia/all_terms/fall_2023/AAI/Phase3/AAI_Project/Facial_Expression_Detection/Facial_Expression_Detection/Final_dataset\Female\Teen\Angry\image0021951.jpg,0
S:/concordia/all_terms/fall_2023/AAI/Phase3/AAI_Project/Facial_Expression_Detection/Facial_Expression_Detection/Final_dataset\Female\Teen\Angry\image0022017.jpg,0
S:/concordia/all_terms/fall_2023/AAI/Phase3/AAI_Project/Facial_Expression_Detection/Facial_Expression_Detection/Final_dataset\Female\Teen\Angry\image0022116.jpg,0
S:/concordia/all_terms/fall_2023/AAI/Phase3/AAI_Project/Facial_Expression_Detection/Facial_Expression_Detection/Final_dataset\Female\Teen\Angry\image0022209.jpg,0
S:/concordia/all_terms/fall_2023/AAI/Phase3/AAI_Project/Facial_Expression_Detection/Facial_Expression_Detection/Final_dataset\Female\Teen\Angry\image0022267.jpg,0
S:/concordia/all_terms/fall_2023/AAI/Phase3/AAI_Project/Facial_Expression_Detection/Facial_Expression_Detection/Final_dataset\Female\Teen\Angry\image0022279.jpg,0
S:/concordia/all_terms/fall_2023/AAI/Phase3/AAI_Project/Facial_Expression_Detection/Facial_Expression_Detection/Final_dataset\Female\Teen\Angry\image0022332.jpg,0
S:/concordia/all_terms/fall_2023/AAI/Phase3/AAI_Project/Facial_Expression_Detection/Facial_Expression_Detection/Final_dataset\Female\Teen\Angry\image0022651.jpg,0
S:/concordia/all_terms/fall_2023/AAI/Phase3/AAI_Project/Facial_Expression_Detection/Facial_Expression_Detection/Final_dataset\Female\Teen\Angry\image0022688.jpg,0
S:/concordia/all_terms/fall_2023/AAI/Phase3/AAI_Project/Facial_Expression_Detection/Facial_Expression_Detection/Final_dataset\Female\Teen\Angry\image0022840.jpg,0
S:/concordia/all_terms/fall_2023/AAI/Phase3/AAI_Project/Facial_Expression_Detection/Facial_Expression_Detection/Final_dataset\Female\Teen\Angry\image0022924.jpg,0
S:/concordia/all_terms/fall_2023/AAI/Phase3/AAI_Project/Facial_Expression_Detection/Facial_Expression_Detection/Final_dataset\Female\Teen\Angry\image0023084.jpg,0
S:/concordia/all_terms/fall_2023/AAI/Phase3/AAI_Project/Facial_Expression_Detection/Facial_Expression_Detection/Final_dataset\Female\Teen\Boredom\boredom_100.jpg,1
S:/concordia/all_terms/fall_2023/AAI/Phase3/AAI_Project/Facial_Expression_Detection/Facial_Expression_Detection/Final_dataset\Female\Teen\Boredom\boredom_101.jpg,1
S:/concordia/all_terms/fall_2023/AAI/Phase3/AAI_Project/Facial_Expression_Detection/Facial_Expression_Detection/Final_dataset\Female\Teen\Boredom\boredom_102.jpg,1
S:/concordia/all_terms/fall_2023/AAI/Phase3/AAI_Project/Facial_Expression_Detection/Facial_Expression_Detection/Final_dataset\Female\Teen\Boredom\boredom_103.jpg,1
S:/concordia/all_terms/fall_2023/AAI/Phase3/AAI_Project/Facial_Expression_Detection/Facial_Expression_Detection/Final_dataset\Female\Teen\Boredom\boredom_104.jpg,1
S:/concordia/all_terms/fall_2023/AAI/Phase3/AAI_Project/Facial_Expression_Detection/Facial_Expression_Detection/Final_dataset\Female\Teen\Boredom\boredom_105.jpg,1
S:/concordia/all_terms/fall_2023/AAI/Phase3/AAI_Project/Facial_Expression_Detection/Facial_Expression_Detection/Final_dataset\Female\Teen\Boredom\boredom_106.jpg,1
S:/concordia/all_terms/fall_2023/AAI/Phase3/AAI_Project/Facial_Expression_Detection/Facial_Expression_Detection/Final_dataset\Female\Teen\Boredom\boredom_107.jpg,1
S:/concordia/all_terms/fall_2023/AAI/Phase3/AAI_Project/Facial_Expression_Detection/Facial_Expression_Detection/Final_dataset\Female\Teen\Boredom\boredom_126.jpg,1
S:/concordia/all_terms/fall_2023/AAI/Phase3/AAI_Project/Facial_Expression_Detection/Facial_Expression_Detection/Final_dataset\Female\Teen\Boredom\boredom_127.jpg,1
S:/concordia/all_terms/fall_2023/AAI/Phase3/AAI_Project/Facial_Expression_Detection/Facial_Expression_Detection/Final_dataset\Female\Teen\Boredom\boredom_128.jpg,1
S:/concordia/all_terms/fall_2023/AAI/Phase3/AAI_Project/Facial_Expression_Detection/Facial_Expression_Detection/Final_dataset\Female\Teen\Boredom\boredom_231.jpg,1
S:/concordia/all_terms/fall_2023/AAI/Phase3/AAI_Project/Facial_Expression_Detection/Facial_Expression_Detection/Final_dataset\Female\Teen\Boredom\boredom_232.jpg,1
S:/concordia/all_terms/fall_2023/AAI/Phase3/AAI_Project/Facial_Expression_Detection/Facial_Expression_Detection/Final_dataset\Female\Teen\Boredom\boredom_233.jpg,1
S:/concordia/all_terms/fall_2023/AAI/Phase3/AAI_Project/Facial_Expression_Detection/Facial_Expression_Detection/Final_dataset\Female\Teen\Boredom\boredom_234.jpg,1
S:/concordia/all_terms/fall_2023/AAI/Phase3/AAI_Project/Facial_Expression_Detection/Facial_Expression_Detection/Final_dataset\Female\Teen\Boredom\boredom_235.jpg,1
S:/concordia/all_terms/fall_2023/AAI/Phase3/AAI_Project/Facial_Expression_Detection/Facial_Expression_Detection/Final_dataset\Female\Teen\Boredom\boredom_236.jpg,1
S:/concordia/all_terms/fall_2023/AAI/Phase3/AAI_Project/Facial_Expression_Detection/Facial_Expression_Detection/Final_dataset\Female\Teen\Boredom\boredom_237.jpg,1
S:/concordia/all_terms/fall_2023/AAI/Phase3/AAI_Project/Facial_Expression_Detection/Facial_Expression_Detection/Final_dataset\Female\Teen\Boredom\boredom_238.jpg,1
S:/concordia/all_terms/fall_2023/AAI/Phase3/AAI_Project/Facial_Expression_Detection/Facial_Expression_Detection/Final_dataset\Female\Teen\Boredom\boredom_239.jpg,1
S:/concordia/all_terms/fall_2023/AAI/Phase3/AAI_Project/Facial_Expression_Detection/Facial_Expression_Detection/Final_dataset\Female\Teen\Boredom\boredom_243.jpg,1
S:/concordia/all_terms/fall_2023/AAI/Phase3/AAI_Project/Facial_Expression_Detection/Facial_Expression_Detection/Final_dataset\Female\Teen\Boredom\boredom_244.jpg,1
S:/concordia/all_terms/fall_2023/AAI/Phase3/AAI_Project/Facial_Expression_Detection/Facial_Expression_Detection/Final_dataset\Female\Teen\Boredom\boredom_245.jpg,1
S:/concordia/all_terms/fall_2023/AAI/Phase3/AAI_Project/Facial_Expression_Detection/Facial_Expression_Detection/Final_dataset\Female\Teen\Boredom\boredom_246.jpg,1
S:/concordia/all_terms/fall_2023/AAI/Phase3/AAI_Project/Facial_Expression_Detection/Facial_Expression_Detection/Final_dataset\Female\Teen\Boredom\boredom_247.jpg,1
S:/concordia/all_terms/fall_2023/AAI/Phase3/AAI_Project/Facial_Expression_Detection/Facial_Expression_Detection/Final_dataset\Female\Teen\Boredom\boredom_248.jpg,1
S:/concordia/all_terms/fall_2023/AAI/Phase3/AAI_Project/Facial_Expression_Detection/Facial_Expression_Detection/Final_dataset\Female\Teen\Boredom\boredom_249.jpg,1
S:/concordia/all_terms/fall_2023/AAI/Phase3/AAI_Project/Facial_Expression_Detection/Facial_Expression_Detection/Final_dataset\Female\Teen\Boredom\boredom_250.jpg,1
S:/concordia/all_terms/fall_2023/AAI/Phase3/AAI_Project/Facial_Expression_Detection/Facial_Expression_Detection/Final_dataset\Female\Teen\Boredom\boredom_251.jpg,1
S:/concordia/all_terms/fall_2023/AAI/Phase3/AAI_Project/Facial_Expression_Detection/Facial_Expression_Detection/Final_dataset\Female\Teen\Boredom\boredom_252.jpg,1
S:/concordia/all_terms/fall_2023/AAI/Phase3/AAI_Project/Facial_Expression_Detection/Facial_Expression_Detection/Final_dataset\Female\Teen\Boredom\boredom_253.jpg,1
S:/concordia/all_terms/fall_2023/AAI/Phase3/AAI_Project/Facial_Expression_Detection/Facial_Expression_Detection/Final_dataset\Female\Teen\Boredom\boredom_254.jpg,1
S:/concordia/all_terms/fall_2023/AAI/Phase3/AAI_Project/Facial_Expression_Detection/Facial_Expression_Detection/Final_dataset\Female\Teen\Boredom\boredom_90.jpg,1
S:/concordia/all_terms/fall_2023/AAI/Phase3/AAI_Project/Facial_Expression_Detection/Facial_Expression_Detection/Final_dataset\Female\Teen\Boredom\boredom_91.jpg,1
S:/concordia/all_terms/fall_2023/AAI/Phase3/AAI_Project/Facial_Expression_Detection/Facial_Expression_Detection/Final_dataset\Female\Teen\Boredom\boredom_92.jpg,1
S:/concordia/all_terms/fall_2023/AAI/Phase3/AAI_Project/Facial_Expression_Detection/Facial_Expression_Detection/Final_dataset\Female\Teen\Boredom\boredom_93.jpg,1
S:/concordia/all_terms/fall_2023/AAI/Phase3/AAI_Project/Facial_Expression_Detection/Facial_Expression_Detection/Final_dataset\Female\Teen\Boredom\boredom_94.jpg,1
S:/concordia/all_terms/fall_2023/AAI/Phase3/AAI_Project/Facial_Expression_Detection/Facial_Expression_Detection/Final_dataset\Female\Teen\Boredom\boredom_95.jpg,1
S:/concordia/all_terms/fall_2023/AAI/Phase3/AAI_Project/Facial_Expression_Detection/Facial_Expression_Detection/Final_dataset\Female\Teen\Boredom\boredom_96.jpg,1
S:/concordia/all_terms/fall_2023/AAI/Phase3/AAI_Project/Facial_Expression_Detection/Facial_Expression_Detection/Final_dataset\Female\Teen\Boredom\boredom_97.jpg,1
S:/concordia/all_terms/fall_2023/AAI/Phase3/AAI_Project/Facial_Expression_Detection/Facial_Expression_Detection/Final_dataset\Female\Teen\Boredom\boredom_98.jpg,1
S:/concordia/all_terms/fall_2023/AAI/Phase3/AAI_Project/Facial_Expression_Detection/Facial_Expression_Detection/Final_dataset\Female\Teen\Boredom\boredom_99.jpg,1
S:/concordia/all_terms/fall_2023/AAI/Phase3/AAI_Project/Facial_Expression_Detection/Facial_Expression_Detection/Final_dataset\Female\Teen\Engagement\engagement_105.jpg,2
S:/concordia/all_terms/fall_2023/AAI/Phase3/AAI_Project/Facial_Expression_Detection/Facial_Expression_Detection/Final_dataset\Female\Teen\Engagement\engagement_106.jpg,2
S:/concordia/all_terms/fall_2023/AAI/Phase3/AAI_Project/Facial_Expression_Detection/Facial_Expression_Detection/Final_dataset\Female\Teen\Engagement\engagement_107.jpg,2
S:/concordia/all_terms/fall_2023/AAI/Phase3/AAI_Project/Facial_Expression_Detection/Facial_Expression_Detection/Final_dataset\Female\Teen\Engagement\engagement_108.jpg,2
S:/concordia/all_terms/fall_2023/AAI/Phase3/AAI_Project/Facial_Expression_Detection/Facial_Expression_Detection/Final_dataset\Female\Teen\Engagement\engagement_109.jpg,2
S:/concordia/all_terms/fall_2023/AAI/Phase3/AAI_Project/Facial_Expression_Detection/Facial_Expression_Detection/Final_dataset\Female\Teen\Engagement\engagement_110.jpg,2
S:/concordia/all_terms/fall_2023/AAI/Phase3/AAI_Project/Facial_Expression_Detection/Facial_Expression_Detection/Final_dataset\Female\Teen\Engagement\engagement_111.jpg,2
S:/concordia/all_terms/fall_2023/AAI/Phase3/AAI_Project/Facial_Expression_Detection/Facial_Expression_Detection/Final_dataset\Female\Teen\Engagement\engagement_112.jpg,2
S:/concordia/all_terms/fall_2023/AAI/Phase3/AAI_Project/Facial_Expression_Detection/Facial_Expression_Detection/Final_dataset\Female\Teen\Engagement\engagement_113.jpg,2
S:/concordia/all_terms/fall_2023/AAI/Phase3/AAI_Project/Facial_Expression_Detection/Facial_Expression_Detection/Final_dataset\Female\Teen\Engagement\engagement_114.jpg,2
S:/concordia/all_terms/fall_2023/AAI/Phase3/AAI_Project/Facial_Expression_Detection/Facial_Expression_Detection/Final_dataset\Female\Teen\Engagement\engagement_115.jpg,2
S:/concordia/all_terms/fall_2023/AAI/Phase3/AAI_Project/Facial_Expression_Detection/Facial_Expression_Detection/Final_dataset\Female\Teen\Engagement\engagement_116.jpg,2
S:/concordia/all_terms/fall_2023/AAI/Phase3/AAI_Project/Facial_Expression_Detection/Facial_Expression_Detection/Final_dataset\Female\Teen\Engagement\engagement_117.jpg,2
S:/concordia/all_terms/fall_2023/AAI/Phase3/AAI_Project/Facial_Expression_Detection/Facial_Expression_Detection/Final_dataset\Female\Teen\Engagement\engagement_118.jpg,2
S:/concordia/all_terms/fall_2023/AAI/Phase3/AAI_Project/Facial_Expression_Detection/Facial_Expression_Detection/Final_dataset\Female\Teen\Engagement\engagement_119.jpg,2
S:/concordia/all_terms/fall_2023/AAI/Phase3/AAI_Project/Facial_Expression_Detection/Facial_Expression_Detection/Final_dataset\Female\Teen\Engagement\engagement_120.jpg,2
S:/concordia/all_terms/fall_2023/AAI/Phase3/AAI_Project/Facial_Expression_Detection/Facial_Expression_Detection/Final_dataset\Female\Teen\Engagement\engagement_121.jpg,2
S:/concordia/all_terms/fall_2023/AAI/Phase3/AAI_Project/Facial_Expression_Detection/Facial_Expression_Detection/Final_dataset\Female\Teen\Engagement\engagement_122.jpg,2
S:/concordia/all_terms/fall_2023/AAI/Phase3/AAI_Project/Facial_Expression_Detection/Facial_Expression_Detection/Final_dataset\Female\Teen\Engagement\engagement_123.jpg,2
S:/concordia/all_terms/fall_2023/AAI/Phase3/AAI_Project/Facial_Expression_Detection/Facial_Expression_Detection/Final_dataset\Female\Teen\Engagement\engagement_124.jpg,2
S:/concordia/all_terms/fall_2023/AAI/Phase3/AAI_Project/Facial_Expression_Detection/Facial_Expression_Detection/Final_dataset\Female\Teen\Engagement\engagement_125.jpg,2
S:/concordia/all_terms/fall_2023/AAI/Phase3/AAI_Project/Facial_Expression_Detection/Facial_Expression_Detection/Final_dataset\Female\Teen\Engagement\engagement_126.jpg,2
S:/concordia/all_terms/fall_2023/AAI/Phase3/AAI_Project/Facial_Expression_Detection/Facial_Expression_Detection/Final_dataset\Female\Teen\Engagement\engagement_127.jpg,2
S:/concordia/all_terms/fall_2023/AAI/Phase3/AAI_Project/Facial_Expression_Detection/Facial_Expression_Detection/Final_dataset\Female\Teen\Engagement\engagement_128.jpg,2
S:/concordia/all_terms/fall_2023/AAI/Phase3/AAI_Project/Facial_Expression_Detection/Facial_Expression_Detection/Final_dataset\Female\Teen\Engagement\engagement_129.jpg,2
S:/concordia/all_terms/fall_2023/AAI/Phase3/AAI_Project/Facial_Expression_Detection/Facial_Expression_Detection/Final_dataset\Female\Teen\Engagement\engagement_130.jpg,2
S:/concordia/all_terms/fall_2023/AAI/Phase3/AAI_Project/Facial_Expression_Detection/Facial_Expression_Detection/Final_dataset\Female\Teen\Engagement\engagement_131.jpg,2
S:/concordia/all_terms/fall_2023/AAI/Phase3/AAI_Project/Facial_Expression_Detection/Facial_Expression_Detection/Final_dataset\Female\Teen\Engagement\engagement_132.jpg,2
S:/concordia/all_terms/fall_2023/AAI/Phase3/AAI_Project/Facial_Expression_Detection/Facial_Expression_Detection/Final_dataset\Female\Teen\Engagement\engagement_133.jpg,2
S:/concordia/all_terms/fall_2023/AAI/Phase3/AAI_Project/Facial_Expression_Detection/Facial_Expression_Detection/Final_dataset\Female\Teen\Engagement\engagement_134.jpg,2
S:/concordia/all_terms/fall_2023/AAI/Phase3/AAI_Project/Facial_Expression_Detection/Facial_Expression_Detection/Final_dataset\Female\Teen\Engagement\engagement_135.jpg,2
S:/concordia/all_terms/fall_2023/AAI/Phase3/AAI_Project/Facial_Expression_Detection/Facial_Expression_Detection/Final_dataset\Female\Teen\Engagement\engagement_136.jpg,2
S:/concordia/all_terms/fall_2023/AAI/Phase3/AAI_Project/Facial_Expression_Detection/Facial_Expression_Detection/Final_dataset\Female\Teen\Engagement\engagement_137.jpg,2
S:/concordia/all_terms/fall_2023/AAI/Phase3/AAI_Project/Facial_Expression_Detection/Facial_Expression_Detection/Final_dataset\Female\Teen\Engagement\engagement_138.jpg,2
S:/concordia/all_terms/fall_2023/AAI/Phase3/AAI_Project/Facial_Expression_Detection/Facial_Expression_Detection/Final_dataset\Female\Teen\Engagement\engagement_139.jpg,2
S:/concordia/all_terms/fall_2023/AAI/Phase3/AAI_Project/Facial_Expression_Detection/Facial_Expression_Detection/Final_dataset\Female\Teen\Engagement\engagement_140.jpg,2
S:/concordia/all_terms/fall_2023/AAI/Phase3/AAI_Project/Facial_Expression_Detection/Facial_Expression_Detection/Final_dataset\Female\Teen\Engagement\engagement_141.jpg,2
S:/concordia/all_terms/fall_2023/AAI/Phase3/AAI_Project/Facial_Expression_Detection/Facial_Expression_Detection/Final_dataset\Female\Teen\Engagement\engagement_142.jpg,2
S:/concordia/all_terms/fall_2023/AAI/Phase3/AAI_Project/Facial_Expression_Detection/Facial_Expression_Detection/Final_dataset\Female\Teen\Engagement\engagement_143.jpg,2
S:/concordia/all_terms/fall_2023/AAI/Phase3/AAI_Project/Facial_Expression_Detection/Facial_Expression_Detection/Final_dataset\Female\Teen\Engagement\engagement_144.jpg,2
S:/concordia/all_terms/fall_2023/AAI/Phase3/AAI_Project/Facial_Expression_Detection/Facial_Expression_Detection/Final_dataset\Female\Teen\Engagement\engagement_145.jpg,2
S:/concordia/all_terms/fall_2023/AAI/Phase3/AAI_Project/Facial_Expression_Detection/Facial_Expression_Detection/Final_dataset\Female\Teen\Engagement\engagement_146.jpg,2
S:/concordia/all_terms/fall_2023/AAI/Phase3/AAI_Project/Facial_Expression_Detection/Facial_Expression_Detection/Final_dataset\Female\Teen\Engagement\engagement_147.jpg,2
S:/concordia/all_terms/fall_2023/AAI/Phase3/AAI_Project/Facial_Expression_Detection/Facial_Expression_Detection/Final_dataset\Female\Teen\Engagement\engagement_148.jpg,2
S:/concordia/all_terms/fall_2023/AAI/Phase3/AAI_Project/Facial_Expression_Detection/Facial_Expression_Detection/Final_dataset\Female\Teen\Engagement\engagement_149.jpg,2
S:/concordia/all_terms/fall_2023/AAI/Phase3/AAI_Project/Facial_Expression_Detection/Facial_Expression_Detection/Final_dataset\Female\Teen\Engagement\engagement_150.jpg,2
S:/concordia/all_terms/fall_2023/AAI/Phase3/AAI_Project/Facial_Expression_Detection/Facial_Expression_Detection/Final_dataset\Female\Teen\Engagement\engagement_151.jpg,2
S:/concordia/all_terms/fall_2023/AAI/Phase3/AAI_Project/Facial_Expression_Detection/Facial_Expression_Detection/Final_dataset\Female\Teen\Engagement\engagement_152.jpg,2
S:/concordia/all_terms/fall_2023/AAI/Phase3/AAI_Project/Facial_Expression_Detection/Facial_Expression_Detection/Final_dataset\Female\Teen\Engagement\engagement_153.jpg,2
S:/concordia/all_terms/fall_2023/AAI/Phase3/AAI_Project/Facial_Expression_Detection/Facial_Expression_Detection/Final_dataset\Female\Teen\Engagement\engagement_154.jpg,2
S:/concordia/all_terms/fall_2023/AAI/Phase3/AAI_Project/Facial_Expression_Detection/Facial_Expression_Detection/Final_dataset\Female\Teen\Engagement\engagement_155.jpg,2
S:/concordia/all_terms/fall_2023/AAI/Phase3/AAI_Project/Facial_Expression_Detection/Facial_Expression_Detection/Final_dataset\Female\Teen\Engagement\engagement_156.jpg,2
S:/concordia/all_terms/fall_2023/AAI/Phase3/AAI_Project/Facial_Expression_Detection/Facial_Expression_Detection/Final_dataset\Female\Teen\Engagement\engagement_157.jpg,2
S:/concordia/all_terms/fall_2023/AAI/Phase3/AAI_Project/Facial_Expression_Detection/Facial_Expression_Detection/Final_dataset\Female\Teen\Engagement\engagement_158.jpg,2
S:/concordia/all_terms/fall_2023/AAI/Phase3/AAI_Project/Facial_Expression_Detection/Facial_Expression_Detection/Final_dataset\Female\Teen\Engagement\engagement_159.jpg,2
S:/concordia/all_terms/fall_2023/AAI/Phase3/AAI_Project/Facial_Expression_Detection/Facial_Expression_Detection/Final_dataset\Female\Teen\Engagement\engagement_160.jpg,2
S:/concordia/all_terms/fall_2023/AAI/Phase3/AAI_Project/Facial_Expression_Detection/Facial_Expression_Detection/Final_dataset\Female\Teen\Engagement\engagement_161.jpg,2
S:/concordia/all_terms/fall_2023/AAI/Phase3/AAI_Project/Facial_Expression_Detection/Facial_Expression_Detection/Final_dataset\Female\Teen\Engagement\engagement_162.jpg,2
S:/concordia/all_terms/fall_2023/AAI/Phase3/AAI_Project/Facial_Expression_Detection/Facial_Expression_Detection/Final_dataset\Female\Teen\Engagement\engagement_163.jpg,2
S:/concordia/all_terms/fall_2023/AAI/Phase3/AAI_Project/Facial_Expression_Detection/Facial_Expression_Detection/Final_dataset\Female\Teen\Engagement\engagement_164.jpg,2
S:/concordia/all_terms/fall_2023/AAI/Phase3/AAI_Project/Facial_Expression_Detection/Facial_Expression_Detection/Final_dataset\Female\Teen\Engagement\engagement_165.jpg,2
S:/concordia/all_terms/fall_2023/AAI/Phase3/AAI_Project/Facial_Expression_Detection/Facial_Expression_Detection/Final_dataset\Female\Teen\Engagement\engagement_166.jpg,2
S:/concordia/all_terms/fall_2023/AAI/Phase3/AAI_Project/Facial_Expression_Detection/Facial_Expression_Detection/Final_dataset\Female\Teen\Engagement\engagement_167.jpg,2
S:/concordia/all_terms/fall_2023/AAI/Phase3/AAI_Project/Facial_Expression_Detection/Facial_Expression_Detection/Final_dataset\Female\Teen\Engagement\engagement_168.jpg,2
S:/concordia/all_terms/fall_2023/AAI/Phase3/AAI_Project/Facial_Expression_Detection/Facial_Expression_Detection/Final_dataset\Female\Teen\Engagement\engagement_169.jpg,2
S:/concordia/all_terms/fall_2023/AAI/Phase3/AAI_Project/Facial_Expression_Detection/Facial_Expression_Detection/Final_dataset\Female\Teen\Engagement\engagement_170.jpg,2
S:/concordia/all_terms/fall_2023/AAI/Phase3/AAI_Project/Facial_Expression_Detection/Facial_Expression_Detection/Final_dataset\Female\Teen\Engagement\engagement_171.jpg,2
S:/concordia/all_terms/fall_2023/AAI/Phase3/AAI_Project/Facial_Expression_Detection/Facial_Expression_Detection/Final_dataset\Female\Teen\Engagement\engagement_172.jpg,2
S:/concordia/all_terms/fall_2023/AAI/Phase3/AAI_Project/Facial_Expression_Detection/Facial_Expression_Detection/Final_dataset\Female\Teen\Engagement\engagement_173.jpg,2
S:/concordia/all_terms/fall_2023/AAI/Phase3/AAI_Project/Facial_Expression_Detection/Facial_Expression_Detection/Final_dataset\Female\Teen\Engagement\engagement_174.jpg,2
S:/concordia/all_terms/fall_2023/AAI/Phase3/AAI_Project/Facial_Expression_Detection/Facial_Expression_Detection/Final_dataset\Female\Teen\Engagement\engagement_175.jpg,2
S:/concordia/all_terms/fall_2023/AAI/Phase3/AAI_Project/Facial_Expression_Detection/Facial_Expression_Detection/Final_dataset\Female\Teen\Engagement\engagement_176.jpg,2
S:/concordia/all_terms/fall_2023/AAI/Phase3/AAI_Project/Facial_Expression_Detection/Facial_Expression_Detection/Final_dataset\Female\Teen\Engagement\engagement_177.jpg,2
S:/concordia/all_terms/fall_2023/AAI/Phase3/AAI_Project/Facial_Expression_Detection/Facial_Expression_Detection/Final_dataset\Female\Teen\Engagement\engagement_178.jpg,2
S:/concordia/all_terms/fall_2023/AAI/Phase3/AAI_Project/Facial_Expression_Detection/Facial_Expression_Detection/Final_dataset\Female\Teen\Engagement\engagement_179.jpg,2
S:/concordia/all_terms/fall_2023/AAI/Phase3/AAI_Project/Facial_Expression_Detection/Facial_Expression_Detection/Final_dataset\Female\Teen\Engagement\engagement_180.jpg,2
S:/concordia/all_terms/fall_2023/AAI/Phase3/AAI_Project/Facial_Expression_Detection/Facial_Expression_Detection/Final_dataset\Female\Teen\Engagement\engagement_181.jpg,2
S:/concordia/all_terms/fall_2023/AAI/Phase3/AAI_Project/Facial_Expression_Detection/Facial_Expression_Detection/Final_dataset\Female\Teen\Engagement\engagement_182.jpg,2
S:/concordia/all_terms/fall_2023/AAI/Phase3/AAI_Project/Facial_Expression_Detection/Facial_Expression_Detection/Final_dataset\Female\Teen\Engagement\engagement_183.jpg,2
S:/concordia/all_terms/fall_2023/AAI/Phase3/AAI_Project/Facial_Expression_Detection/Facial_Expression_Detection/Final_dataset\Female\Teen\Engagement\engagement_184.jpg,2
S:/concordia/all_terms/fall_2023/AAI/Phase3/AAI_Project/Facial_Expression_Detection/Facial_Expression_Detection/Final_dataset\Female\Teen\Engagement\engagement_185.jpg,2
S:/concordia/all_terms/fall_2023/AAI/Phase3/AAI_Project/Facial_Expression_Detection/Facial_Expression_Detection/Final_dataset\Female\Teen\Engagement\engagement_186.jpg,2
S:/concordia/all_terms/fall_2023/AAI/Phase3/AAI_Project/Facial_Expression_Detection/Facial_Expression_Detection/Final_dataset\Female\Teen\Engagement\engagement_187.jpg,2
S:/concordia/all_terms/fall_2023/AAI/Phase3/AAI_Project/Facial_Expression_Detection/Facial_Expression_Detection/Final_dataset\Female\Teen\Engagement\engagement_188.jpg,2
S:/concordia/all_terms/fall_2023/AAI/Phase3/AAI_Project/Facial_Expression_Detection/Facial_Expression_Detection/Final_dataset\Female\Teen\Engagement\engagement_189.jpg,2
S:/concordia/all_terms/fall_2023/AAI/Phase3/AAI_Project/Facial_Expression_Detection/Facial_Expression_Detection/Final_dataset\Female\Teen\Engagement\engagement_190.jpg,2
S:/concordia/all_terms/fall_2023/AAI/Phase3/AAI_Project/Facial_Expression_Detection/Facial_Expression_Detection/Final_dataset\Female\Teen\Engagement\engagement_191.jpg,2
S:/concordia/all_terms/fall_2023/AAI/Phase3/AAI_Project/Facial_Expression_Detection/Facial_Expression_Detection/Final_dataset\Female\Teen\Engagement\engagement_192.jpg,2
S:/concordia/all_terms/fall_2023/AAI/Phase3/AAI_Project/Facial_Expression_Detection/Facial_Expression_Detection/Final_dataset\Female\Teen\Engagement\engagement_193.jpg,2
S:/concordia/all_terms/fall_2023/AAI/Phase3/AAI_Project/Facial_Expression_Detection/Facial_Expression_Detection/Final_dataset\Female\Teen\Engagement\engagement_194.jpg,2
S:/concordia/all_terms/fall_2023/AAI/Phase3/AAI_Project/Facial_Expression_Detection/Facial_Expression_Detection/Final_dataset\Female\Teen\Engagement\engagement_195.jpg,2
S:/concordia/all_terms/fall_2023/AAI/Phase3/AAI_Project/Facial_Expression_Detection/Facial_Expression_Detection/Final_dataset\Female\Teen\Engagement\engagement_196.jpg,2
S:/concordia/all_terms/fall_2023/AAI/Phase3/AAI_Project/Facial_Expression_Detection/Facial_Expression_Detection/Final_dataset\Female\Teen\Engagement\engagement_197.jpg,2
S:/concordia/all_terms/fall_2023/AAI/Phase3/AAI_Project/Facial_Expression_Detection/Facial_Expression_Detection/Final_dataset\Female\Teen\Engagement\engagement_234.jpg,2
S:/concordia/all_terms/fall_2023/AAI/Phase3/AAI_Project/Facial_Expression_Detection/Facial_Expression_Detection/Final_dataset\Female\Teen\Engagement\engagement_235.jpg,2
S:/concordia/all_terms/fall_2023/AAI/Phase3/AAI_Project/Facial_Expression_Detection/Facial_Expression_Detection/Final_dataset\Female\Teen\Engagement\engagement_236.jpg,2
S:/concordia/all_terms/fall_2023/AAI/Phase3/AAI_Project/Facial_Expression_Detection/Facial_Expression_Detection/Final_dataset\Female\Teen\Engagement\engagement_237.jpg,2
S:/concordia/all_terms/fall_2023/AAI/Phase3/AAI_Project/Facial_Expression_Detection/Facial_Expression_Detection/Final_dataset\Female\Teen\Engagement\engagement_238.jpg,2
S:/concordia/all_terms/fall_2023/AAI/Phase3/AAI_Project/Facial_Expression_Detection/Facial_Expression_Detection/Final_dataset\Female\Teen\Engagement\engagement_239.jpg,2
S:/concordia/all_terms/fall_2023/AAI/Phase3/AAI_Project/Facial_Expression_Detection/Facial_Expression_Detection/Final_dataset\Female\Teen\Engagement\engagement_240.jpg,2
S:/concordia/all_terms/fall_2023/AAI/Phase3/AAI_Project/Facial_Expression_Detection/Facial_Expression_Detection/Final_dataset\Female\Teen\Engagement\engagement_241.jpg,2
S:/concordia/all_terms/fall_2023/AAI/Phase3/AAI_Project/Facial_Expression_Detection/Facial_Expression_Detection/Final_dataset\Female\Teen\Engagement\engagement_242.jpg,2
S:/concordia/all_terms/fall_2023/AAI/Phase3/AAI_Project/Facial_Expression_Detection/Facial_Expression_Detection/Final_dataset\Female\Teen\Engagement\engagement_243.jpg,2
S:/concordia/all_terms/fall_2023/AAI/Phase3/AAI_Project/Facial_Expression_Detection/Facial_Expression_Detection/Final_dataset\Female\Teen\Engagement\engagement_244.jpg,2
S:/concordia/all_terms/fall_2023/AAI/Phase3/AAI_Project/Facial_Expression_Detection/Facial_Expression_Detection/Final_dataset\Female\Teen\Engagement\engagement_245.jpg,2
S:/concordia/all_terms/fall_2023/AAI/Phase3/AAI_Project/Facial_Expression_Detection/Facial_Expression_Detection/Final_dataset\Female\Teen\Engagement\engagement_246.jpg,2
S:/concordia/all_terms/fall_2023/AAI/Phase3/AAI_Project/Facial_Expression_Detection/Facial_Expression_Detection/Final_dataset\Female\Teen\Engagement\engagement_247.jpg,2
S:/concordia/all_terms/fall_2023/AAI/Phase3/AAI_Project/Facial_Expression_Detection/Facial_Expression_Detection/Final_dataset\Female\Teen\Engagement\engagement_248.jpg,2
S:/concordia/all_terms/fall_2023/AAI/Phase3/AAI_Project/Facial_Expression_Detection/Facial_Expression_Detection/Final_dataset\Female\Teen\Engagement\engagement_249.jpg,2
S:/concordia/all_terms/fall_2023/AAI/Phase3/AAI_Project/Facial_Expression_Detection/Facial_Expression_Detection/Final_dataset\Female\Teen\Engagement\engagement_250.jpg,2
S:/concordia/all_terms/fall_2023/AAI/Phase3/AAI_Project/Facial_Expression_Detection/Facial_Expression_Detection/Final_dataset\Female\Teen\Engagement\engagement_251.jpg,2
S:/concordia/all_terms/fall_2023/AAI/Phase3/AAI_Project/Facial_Expression_Detection/Facial_Expression_Detection/Final_dataset\Female\Teen\Engagement\engagement_252.jpg,2
S:/concordia/all_terms/fall_2023/AAI/Phase3/AAI_Project/Facial_Expression_Detection/Facial_Expression_Detection/Final_dataset\Female\Teen\Engagement\engagement_253.jpg,2
S:/concordia/all_terms/fall_2023/AAI/Phase3/AAI_Project/Facial_Expression_Detection/Facial_Expression_Detection/Final_dataset\Female\Teen\Engagement\engagement_254.jpg,2
S:/concordia/all_terms/fall_2023/AAI/Phase3/AAI_Project/Facial_Expression_Detection/Facial_Expression_Detection/Final_dataset\Female\Teen\Engagement\engagement_255.jpg,2
S:/concordia/all_terms/fall_2023/AAI/Phase3/AAI_Project/Facial_Expression_Detection/Facial_Expression_Detection/Final_dataset\Female\Teen\Engagement\engagement_256.jpg,2
S:/concordia/all_terms/fall_2023/AAI/Phase3/AAI_Project/Facial_Expression_Detection/Facial_Expression_Detection/Final_dataset\Female\Teen\Engagement\engagement_257.jpg,2
S:/concordia/all_terms/fall_2023/AAI/Phase3/AAI_Project/Facial_Expression_Detection/Facial_Expression_Detection/Final_dataset\Female\Teen\Engagement\engagement_258.jpg,2
S:/concordia/all_terms/fall_2023/AAI/Phase3/AAI_Project/Facial_Expression_Detection/Facial_Expression_Detection/Final_dataset\Female\Teen\Engagement\engagement_259.jpg,2
S:/concordia/all_terms/fall_2023/AAI/Phase3/AAI_Project/Facial_Expression_Detection/Facial_Expression_Detection/Final_dataset\Female\Teen\Engagement\engagement_260.jpg,2
S:/concordia/all_terms/fall_2023/AAI/Phase3/AAI_Project/Facial_Expression_Detection/Facial_Expression_Detection/Final_dataset\Female\Teen\Engagement\engagement_261.jpg,2
S:/concordia/all_terms/fall_2023/AAI/Phase3/AAI_Project/Facial_Expression_Detection/Facial_Expression_Detection/Final_dataset\Female\Teen\Engagement\engagement_262.jpg,2
S:/concordia/all_terms/fall_2023/AAI/Phase3/AAI_Project/Facial_Expression_Detection/Facial_Expression_Detection/Final_dataset\Female\Teen\Engagement\engagement_263.jpg,2
S:/concordia/all_terms/fall_2023/AAI/Phase3/AAI_Project/Facial_Expression_Detection/Facial_Expression_Detection/Final_dataset\Female\Teen\Engagement\engagement_264.jpg,2
S:/concordia/all_terms/fall_2023/AAI/Phase3/AAI_Project/Facial_Expression_Detection/Facial_Expression_Detection/Final_dataset\Female\Teen\Engagement\engagement_265.jpg,2
S:/concordia/all_terms/fall_2023/AAI/Phase3/AAI_Project/Facial_Expression_Detection/Facial_Expression_Detection/Final_dataset\Female\Teen\Engagement\engagement_266.jpg,2
S:/concordia/all_terms/fall_2023/AAI/Phase3/AAI_Project/Facial_Expression_Detection/Facial_Expression_Detection/Final_dataset\Female\Teen\Engagement\engagement_267.jpg,2
S:/concordia/all_terms/fall_2023/AAI/Phase3/AAI_Project/Facial_Expression_Detection/Facial_Expression_Detection/Final_dataset\Female\Teen\Engagement\engagement_268.jpg,2
S:/concordia/all_terms/fall_2023/AAI/Phase3/AAI_Project/Facial_Expression_Detection/Facial_Expression_Detection/Final_dataset\Female\Teen\Engagement\engagement_269.jpg,2
S:/concordia/all_terms/fall_2023/AAI/Phase3/AAI_Project/Facial_Expression_Detection/Facial_Expression_Detection/Final_dataset\Female\Teen\Engagement\engagement_270.jpg,2
S:/concordia/all_terms/fall_2023/AAI/Phase3/AAI_Project/Facial_Expression_Detection/Facial_Expression_Detection/Final_dataset\Female\Teen\Engagement\engagement_271.jpg,2
S:/concordia/all_terms/fall_2023/AAI/Phase3/AAI_Project/Facial_Expression_Detection/Facial_Expression_Detection/Final_dataset\Female\Teen\Engagement\engagement_272.jpg,2
S:/concordia/all_terms/fall_2023/AAI/Phase3/AAI_Project/Facial_Expression_Detection/Facial_Expression_Detection/Final_dataset\Female\Teen\Engagement\engagement_273.jpg,2
S:/concordia/all_terms/fall_2023/AAI/Phase3/AAI_Project/Facial_Expression_Detection/Facial_Expression_Detection/Final_dataset\Female\Teen\Engagement\engagement_274.jpg,2
S:/concordia/all_terms/fall_2023/AAI/Phase3/AAI_Project/Facial_Expression_Detection/Facial_Expression_Detection/Final_dataset\Female\Teen\Engagement\engagement_275.jpg,2
S:/concordia/all_terms/fall_2023/AAI/Phase3/AAI_Project/Facial_Expression_Detection/Facial_Expression_Detection/Final_dataset\Female\Teen\Engagement\engagement_276.jpg,2
S:/concordia/all_terms/fall_2023/AAI/Phase3/AAI_Project/Facial_Expression_Detection/Facial_Expression_Detection/Final_dataset\Female\Teen\Engagement\engagement_277.jpg,2
S:/concordia/all_terms/fall_2023/AAI/Phase3/AAI_Project/Facial_Expression_Detection/Facial_Expression_Detection/Final_dataset\Female\Teen\Engagement\engagement_278.jpg,2
S:/concordia/all_terms/fall_2023/AAI/Phase3/AAI_Project/Facial_Expression_Detection/Facial_Expression_Detection/Final_dataset\Female\Teen\Engagement\engagement_279.jpg,2
S:/concordia/all_terms/fall_2023/AAI/Phase3/AAI_Project/Facial_Expression_Detection/Facial_Expression_Detection/Final_dataset\Female\Teen\Engagement\engagement_280.jpg,2
S:/concordia/all_terms/fall_2023/AAI/Phase3/AAI_Project/Facial_Expression_Detection/Facial_Expression_Detection/Final_dataset\Female\Teen\Engagement\engagement_281.jpg,2
S:/concordia/all_terms/fall_2023/AAI/Phase3/AAI_Project/Facial_Expression_Detection/Facial_Expression_Detection/Final_dataset\Female\Teen\Engagement\engagement_282.jpg,2
S:/concordia/all_terms/fall_2023/AAI/Phase3/AAI_Project/Facial_Expression_Detection/Facial_Expression_Detection/Final_dataset\Female\Teen\Engagement\engagement_283.jpg,2
S:/concordia/all_terms/fall_2023/AAI/Phase3/AAI_Project/Facial_Expression_Detection/Facial_Expression_Detection/Final_dataset\Female\Teen\Engagement\engagement_284.jpg,2
S:/concordia/all_terms/fall_2023/AAI/Phase3/AAI_Project/Facial_Expression_Detection/Facial_Expression_Detection/Final_dataset\Female\Teen\Engagement\engagement_285.jpg,2
S:/concordia/all_terms/fall_2023/AAI/Phase3/AAI_Project/Facial_Expression_Detection/Facial_Expression_Detection/Final_dataset\Female\Teen\Engagement\engagement_286.jpg,2
S:/concordia/all_terms/fall_2023/AAI/Phase3/AAI_Project/Facial_Expression_Detection/Facial_Expression_Detection/Final_dataset\Female\Teen\Engagement\engagement_287.jpg,2
S:/concordia/all_terms/fall_2023/AAI/Phase3/AAI_Project/Facial_Expression_Detection/Facial_Expression_Detection/Final_dataset\Female\Teen\Engagement\engagement_288.jpg,2
S:/concordia/all_terms/fall_2023/AAI/Phase3/AAI_Project/Facial_Expression_Detection/Facial_Expression_Detection/Final_dataset\Female\Teen\Engagement\engagement_289.jpg,2
S:/concordia/all_terms/fall_2023/AAI/Phase3/AAI_Project/Facial_Expression_Detection/Facial_Expression_Detection/Final_dataset\Female\Teen\Engagement\engagement_290.jpg,2
S:/concordia/all_terms/fall_2023/AAI/Phase3/AAI_Project/Facial_Expression_Detection/Facial_Expression_Detection/Final_dataset\Female\Teen\Engagement\engagement_291.jpg,2
S:/concordia/all_terms/fall_2023/AAI/Phase3/AAI_Project/Facial_Expression_Detection/Facial_Expression_Detection/Final_dataset\Female\Teen\Engagement\engagement_292.jpg,2
S:/concordia/all_terms/fall_2023/AAI/Phase3/AAI_Project/Facial_Expression_Detection/Facial_Expression_Detection/Final_dataset\Female\Teen\Engagement\engagement_293.jpg,2
S:/concordia/all_terms/fall_2023/AAI/Phase3/AAI_Project/Facial_Expression_Detection/Facial_Expression_Detection/Final_dataset\Female\Teen\Engagement\engagement_294.jpg,2
S:/concordia/all_terms/fall_2023/AAI/Phase3/AAI_Project/Facial_Expression_Detection/Facial_Expression_Detection/Final_dataset\Female\Teen\Engagement\engagement_295.jpg,2
S:/concordia/all_terms/fall_2023/AAI/Phase3/AAI_Project/Facial_Expression_Detection/Facial_Expression_Detection/Final_dataset\Female\Teen\Engagement\engagement_296.jpg,2
S:/concordia/all_terms/fall_2023/AAI/Phase3/AAI_Project/Facial_Expression_Detection/Facial_Expression_Detection/Final_dataset\Female\Teen\Engagement\engagement_297.jpg,2
S:/concordia/all_terms/fall_2023/AAI/Phase3/AAI_Project/Facial_Expression_Detection/Facial_Expression_Detection/Final_dataset\Female\Teen\Engagement\engagement_298.jpg,2
S:/concordia/all_terms/fall_2023/AAI/Phase3/AAI_Project/Facial_Expression_Detection/Facial_Expression_Detection/Final_dataset\Female\Teen\Engagement\engagement_299.jpg,2
S:/concordia/all_terms/fall_2023/AAI/Phase3/AAI_Project/Facial_Expression_Detection/Facial_Expression_Detection/Final_dataset\Female\Teen\Engagement\engagement_300.jpg,2
S:/concordia/all_terms/fall_2023/AAI/Phase3/AAI_Project/Facial_Expression_Detection/Facial_Expression_Detection/Final_dataset\Female\Teen\Engagement\engagement_301.jpg,2
S:/concordia/all_terms/fall_2023/AAI/Phase3/AAI_Project/Facial_Expression_Detection/Facial_Expression_Detection/Final_dataset\Female\Teen\Engagement\engagement_302.jpg,2
S:/concordia/all_terms/fall_2023/AAI/Phase3/AAI_Project/Facial_Expression_Detection/Facial_Expression_Detection/Final_dataset\Female\Teen\Engagement\engagement_303.jpg,2
S:/concordia/all_terms/fall_2023/AAI/Phase3/AAI_Project/Facial_Expression_Detection/Facial_Expression_Detection/Final_dataset\Female\Teen\Engagement\engagement_304.jpg,2
S:/concordia/all_terms/fall_2023/AAI/Phase3/AAI_Project/Facial_Expression_Detection/Facial_Expression_Detection/Final_dataset\Female\Teen\Engagement\engagement_305.jpg,2
S:/concordia/all_terms/fall_2023/AAI/Phase3/AAI_Project/Facial_Expression_Detection/Facial_Expression_Detection/Final_dataset\Female\Teen\Engagement\engagement_306.jpg,2
S:/concordia/all_terms/fall_2023/AAI/Phase3/AAI_Project/Facial_Expression_Detection/Facial_Expression_Detection/Final_dataset\Female\Teen\Engagement\engagement_307.jpg,2
S:/concordia/all_terms/fall_2023/AAI/Phase3/AAI_Project/Facial_Expression_Detection/Facial_Expression_Detection/Final_dataset\Female\Teen\Engagement\engagement_308.jpg,2
S:/concordia/all_terms/fall_2023/AAI/Phase3/AAI_Project/Facial_Expression_Detection/Facial_Expression_Detection/Final_dataset\Female\Teen\Engagement\engagement_309.jpg,2
S:/concordia/all_terms/fall_2023/AAI/Phase3/AAI_Project/Facial_Expression_Detection/Facial_Expression_Detection/Final_dataset\Female\Teen\Engagement\engagement_310.jpg,2
S:/concordia/all_terms/fall_2023/AAI/Phase3/AAI_Project/Facial_Expression_Detection/Facial_Expression_Detection/Final_dataset\Female\Teen\Engagement\engagement_311.jpg,2
S:/concordia/all_terms/fall_2023/AAI/Phase3/AAI_Project/Facial_Expression_Detection/Facial_Expression_Detection/Final_dataset\Female\Teen\Engagement\engagement_312.jpg,2
S:/concordia/all_terms/fall_2023/AAI/Phase3/AAI_Project/Facial_Expression_Detection/Facial_Expression_Detection/Final_dataset\Female\Teen\Engagement\engagement_313.jpg,2
S:/concordia/all_terms/fall_2023/AAI/Phase3/AAI_Project/Facial_Expression_Detection/Facial_Expression_Detection/Final_dataset\Female\Teen\Engagement\engagement_314.jpg,2
S:/concordia/all_terms/fall_2023/AAI/Phase3/AAI_Project/Facial_Expression_Detection/Facial_Expression_Detection/Final_dataset\Female\Teen\Engagement\engagement_315.jpg,2
S:/concordia/all_terms/fall_2023/AAI/Phase3/AAI_Project/Facial_Expression_Detection/Facial_Expression_Detection/Final_dataset\Female\Teen\Engagement\engagement_316.jpg,2
S:/concordia/all_terms/fall_2023/AAI/Phase3/AAI_Project/Facial_Expression_Detection/Facial_Expression_Detection/Final_dataset\Female\Teen\Engagement\engagement_317.jpg,2
S:/concordia/all_terms/fall_2023/AAI/Phase3/AAI_Project/Facial_Expression_Detection/Facial_Expression_Detection/Final_dataset\Female\Teen\Engagement\engagement_318.jpg,2
S:/concordia/all_terms/fall_2023/AAI/Phase3/AAI_Project/Facial_Expression_Detection/Facial_Expression_Detection/Final_dataset\Female\Teen\Engagement\engagement_319.jpg,2
S:/concordia/all_terms/fall_2023/AAI/Phase3/AAI_Project/Facial_Expression_Detection/Facial_Expression_Detection/Final_dataset\Female\Teen\Engagement\engagement_320.jpg,2
S:/concordia/all_terms/fall_2023/AAI/Phase3/AAI_Project/Facial_Expression_Detection/Facial_Expression_Detection/Final_dataset\Female\Teen\Engagement\engagement_321.jpg,2
S:/concordia/all_terms/fall_2023/AAI/Phase3/AAI_Project/Facial_Expression_Detection/Facial_Expression_Detection/Final_dataset\Female\Teen\Engagement\engagement_322.jpg,2
S:/concordia/all_terms/fall_2023/AAI/Phase3/AAI_Project/Facial_Expression_Detection/Facial_Expression_Detection/Final_dataset\Female\Teen\Engagement\engagement_323.jpg,2
S:/concordia/all_terms/fall_2023/AAI/Phase3/AAI_Project/Facial_Expression_Detection/Facial_Expression_Detection/Final_dataset\Female\Teen\Engagement\engagement_324.jpg,2
S:/concordia/all_terms/fall_2023/AAI/Phase3/AAI_Project/Facial_Expression_Detection/Facial_Expression_Detection/Final_dataset\Female\Teen\Engagement\engagement_325.jpg,2
S:/concordia/all_terms/fall_2023/AAI/Phase3/AAI_Project/Facial_Expression_Detection/Facial_Expression_Detection/Final_dataset\Female\Teen\Engagement\engagement_326.jpg,2
S:/concordia/all_terms/fall_2023/AAI/Phase3/AAI_Project/Facial_Expression_Detection/Facial_Expression_Detection/Final_dataset\Female\Teen\Engagement\engagement_327.jpg,2
S:/concordia/all_terms/fall_2023/AAI/Phase3/AAI_Project/Facial_Expression_Detection/Facial_Expression_Detection/Final_dataset\Female\Teen\Engagement\engagement_328.jpg,2
S:/concordia/all_terms/fall_2023/AAI/Phase3/AAI_Project/Facial_Expression_Detection/Facial_Expression_Detection/Final_dataset\Female\Teen\Engagement\engagement_329.jpg,2
S:/concordia/all_terms/fall_2023/AAI/Phase3/AAI_Project/Facial_Expression_Detection/Facial_Expression_Detection/Final_dataset\Female\Teen\Engagement\engagement_330.jpg,2
S:/concordia/all_terms/fall_2023/AAI/Phase3/AAI_Project/Facial_Expression_Detection/Facial_Expression_Detection/Final_dataset\Female\Teen\Engagement\engagement_331.jpg,2
S:/concordia/all_terms/fall_2023/AAI/Phase3/AAI_Project/Facial_Expression_Detection/Facial_Expression_Detection/Final_dataset\Female\Teen\Engagement\engagement_332.jpg,2
S:/concordia/all_terms/fall_2023/AAI/Phase3/AAI_Project/Facial_Expression_Detection/Facial_Expression_Detection/Final_dataset\Female\Teen\Engagement\engagement_333.jpg,2
S:/concordia/all_terms/fall_2023/AAI/Phase3/AAI_Project/Facial_Expression_Detection/Facial_Expression_Detection/Final_dataset\Female\Teen\Engagement\engagement_334.jpg,2
S:/concordia/all_terms/fall_2023/AAI/Phase3/AAI_Project/Facial_Expression_Detection/Facial_Expression_Detection/Final_dataset\Female\Teen\Engagement\engagement_335.jpg,2
S:/concordia/all_terms/fall_2023/AAI/Phase3/AAI_Project/Facial_Expression_Detection/Facial_Expression_Detection/Final_dataset\Female\Teen\Engagement\engagement_336.jpg,2
S:/concordia/all_terms/fall_2023/AAI/Phase3/AAI_Project/Facial_Expression_Detection/Facial_Expression_Detection/Final_dataset\Female\Teen\Engagement\engagement_337.jpg,2
S:/concordia/all_terms/fall_2023/AAI/Phase3/AAI_Project/Facial_Expression_Detection/Facial_Expression_Detection/Final_dataset\Female\Teen\Engagement\engagement_338.jpg,2
S:/concordia/all_terms/fall_2023/AAI/Phase3/AAI_Project/Facial_Expression_Detection/Facial_Expression_Detection/Final_dataset\Female\Teen\Engagement\engagement_339.jpg,2
S:/concordia/all_terms/fall_2023/AAI/Phase3/AAI_Project/Facial_Expression_Detection/Facial_Expression_Detection/Final_dataset\Female\Teen\Engagement\engagement_340.jpg,2
S:/concordia/all_terms/fall_2023/AAI/Phase3/AAI_Project/Facial_Expression_Detection/Facial_Expression_Detection/Final_dataset\Female\Teen\Engagement\engagement_341.jpg,2
S:/concordia/all_terms/fall_2023/AAI/Phase3/AAI_Project/Facial_Expression_Detection/Facial_Expression_Detection/Final_dataset\Female\Teen\Engagement\engagement_342.jpg,2
S:/concordia/all_terms/fall_2023/AAI/Phase3/AAI_Project/Facial_Expression_Detection/Facial_Expression_Detection/Final_dataset\Female\Teen\Engagement\engagement_343.jpg,2
S:/concordia/all_terms/fall_2023/AAI/Phase3/AAI_Project/Facial_Expression_Detection/Facial_Expression_Detection/Final_dataset\Female\Teen\Engagement\engagement_344.jpg,2
S:/concordia/all_terms/fall_2023/AAI/Phase3/AAI_Project/Facial_Expression_Detection/Facial_Expression_Detection/Final_dataset\Female\Teen\Engagement\engagement_345.jpg,2
S:/concordia/all_terms/fall_2023/AAI/Phase3/AAI_Project/Facial_Expression_Detection/Facial_Expression_Detection/Final_dataset\Female\Teen\Engagement\engagement_346.jpg,2
S:/concordia/all_terms/fall_2023/AAI/Phase3/AAI_Project/Facial_Expression_Detection/Facial_Expression_Detection/Final_dataset\Female\Teen\Engagement\engagement_347.jpg,2
S:/concordia/all_terms/fall_2023/AAI/Phase3/AAI_Project/Facial_Expression_Detection/Facial_Expression_Detection/Final_dataset\Female\Teen\Engagement\engagement_348.jpg,2
S:/concordia/all_terms/fall_2023/AAI/Phase3/AAI_Project/Facial_Expression_Detection/Facial_Expression_Detection/Final_dataset\Female\Teen\Engagement\engagement_349.jpg,2
S:/concordia/all_terms/fall_2023/AAI/Phase3/AAI_Project/Facial_Expression_Detection/Facial_Expression_Detection/Final_dataset\Female\Teen\Engagement\engagement_350.jpg,2
S:/concordia/all_terms/fall_2023/AAI/Phase3/AAI_Project/Facial_Expression_Detection/Facial_Expression_Detection/Final_dataset\Female\Teen\Engagement\engagement_351.jpg,2
S:/concordia/all_terms/fall_2023/AAI/Phase3/AAI_Project/Facial_Expression_Detection/Facial_Expression_Detection/Final_dataset\Female\Teen\Engagement\engagement_352.jpg,2
S:/concordia/all_terms/fall_2023/AAI/Phase3/AAI_Project/Facial_Expression_Detection/Facial_Expression_Detection/Final_dataset\Female\Teen\Engagement\engagement_353.jpg,2
S:/concordia/all_terms/fall_2023/AAI/Phase3/AAI_Project/Facial_Expression_Detection/Facial_Expression_Detection/Final_dataset\Female\Teen\Engagement\engagement_354.jpg,2
S:/concordia/all_terms/fall_2023/AAI/Phase3/AAI_Project/Facial_Expression_Detection/Facial_Expression_Detection/Final_dataset\Female\Teen\Engagement\engagement_355.jpg,2
S:/concordia/all_terms/fall_2023/AAI/Phase3/AAI_Project/Facial_Expression_Detection/Facial_Expression_Detection/Final_dataset\Female\Teen\Engagement\engagement_356.jpg,2
S:/concordia/all_terms/fall_2023/AAI/Phase3/AAI_Project/Facial_Expression_Detection/Facial_Expression_Detection/Final_dataset\Female\Teen\Engagement\engagement_357.jpg,2
S:/concordia/all_terms/fall_2023/AAI/Phase3/AAI_Project/Facial_Expression_Detection/Facial_Expression_Detection/Final_dataset\Female\Teen\Engagement\engagement_358.jpg,2
S:/concordia/all_terms/fall_2023/AAI/Phase3/AAI_Project/Facial_Expression_Detection/Facial_Expression_Detection/Final_dataset\Female\Teen\Engagement\engagement_359.jpg,2
S:/concordia/all_terms/fall_2023/AAI/Phase3/AAI_Project/Facial_Expression_Detection/Facial_Expression_Detection/Final_dataset\Female\Teen\Engagement\engagement_360.jpg,2
S:/concordia/all_terms/fall_2023/AAI/Phase3/AAI_Project/Facial_Expression_Detection/Facial_Expression_Detection/Final_dataset\Female\Teen\Engagement\engagement_361.jpg,2
S:/concordia/all_terms/fall_2023/AAI/Phase3/AAI_Project/Facial_Expression_Detection/Facial_Expression_Detection/Final_dataset\Female\Teen\Engagement\engagement_362.jpg,2
S:/concordia/all_terms/fall_2023/AAI/Phase3/AAI_Project/Facial_Expression_Detection/Facial_Expression_Detection/Final_dataset\Female\Teen\Engagement\engagement_363.jpg,2
S:/concordia/all_terms/fall_2023/AAI/Phase3/AAI_Project/Facial_Expression_Detection/Facial_Expression_Detection/Final_dataset\Female\Teen\Engagement\engagement_364.jpg,2
S:/concordia/all_terms/fall_2023/AAI/Phase3/AAI_Project/Facial_Expression_Detection/Facial_Expression_Detection/Final_dataset\Female\Teen\Engagement\engagement_365.jpg,2
S:/concordia/all_terms/fall_2023/AAI/Phase3/AAI_Project/Facial_Expression_Detection/Facial_Expression_Detection/Final_dataset\Female\Teen\Engagement\engagement_366.jpg,2
S:/concordia/all_terms/fall_2023/AAI/Phase3/AAI_Project/Facial_Expression_Detection/Facial_Expression_Detection/Final_dataset\Female\Teen\Engagement\engagement_367.jpg,2
S:/concordia/all_terms/fall_2023/AAI/Phase3/AAI_Project/Facial_Expression_Detection/Facial_Expression_Detection/Final_dataset\Female\Teen\Engagement\engagement_368.jpg,2
S:/concordia/all_terms/fall_2023/AAI/Phase3/AAI_Project/Facial_Expression_Detection/Facial_Expression_Detection/Final_dataset\Female\Teen\Engagement\engagement_369.jpg,2
S:/concordia/all_terms/fall_2023/AAI/Phase3/AAI_Project/Facial_Expression_Detection/Facial_Expression_Detection/Final_dataset\Female\Teen\Engagement\engagement_370.jpg,2
S:/concordia/all_terms/fall_2023/AAI/Phase3/AAI_Project/Facial_Expression_Detection/Facial_Expression_Detection/Final_dataset\Female\Teen\Engagement\engagement_371.jpg,2
S:/concordia/all_terms/fall_2023/AAI/Phase3/AAI_Project/Facial_Expression_Detection/Facial_Expression_Detection/Final_dataset\Female\Teen\Engagement\engagement_372.jpg,2
S:/concordia/all_terms/fall_2023/AAI/Phase3/AAI_Project/Facial_Expression_Detection/Facial_Expression_Detection/Final_dataset\Female\Teen\Engagement\engagement_373.jpg,2
S:/concordia/all_terms/fall_2023/AAI/Phase3/AAI_Project/Facial_Expression_Detection/Facial_Expression_Detection/Final_dataset\Female\Teen\Engagement\engagement_374.jpg,2
S:/concordia/all_terms/fall_2023/AAI/Phase3/AAI_Project/Facial_Expression_Detection/Facial_Expression_Detection/Final_dataset\Female\Teen\Engagement\engagement_375.jpg,2
S:/concordia/all_terms/fall_2023/AAI/Phase3/AAI_Project/Facial_Expression_Detection/Facial_Expression_Detection/Final_dataset\Female\Teen\Engagement\engagement_376.jpg,2
S:/concordia/all_terms/fall_2023/AAI/Phase3/AAI_Project/Facial_Expression_Detection/Facial_Expression_Detection/Final_dataset\Female\Teen\Engagement\engagement_377.jpg,2
S:/concordia/all_terms/fall_2023/AAI/Phase3/AAI_Project/Facial_Expression_Detection/Facial_Expression_Detection/Final_dataset\Female\Teen\Engagement\engagement_378.jpg,2
S:/concordia/all_terms/fall_2023/AAI/Phase3/AAI_Project/Facial_Expression_Detection/Facial_Expression_Detection/Final_dataset\Female\Teen\Engagement\engagement_379.jpg,2
S:/concordia/all_terms/fall_2023/AAI/Phase3/AAI_Project/Facial_Expression_Detection/Facial_Expression_Detection/Final_dataset\Female\Teen\Engagement\engagement_380.jpg,2
S:/concordia/all_terms/fall_2023/AAI/Phase3/AAI_Project/Facial_Expression_Detection/Facial_Expression_Detection/Final_dataset\Female\Teen\Engagement\engagement_381.jpg,2
S:/concordia/all_terms/fall_2023/AAI/Phase3/AAI_Project/Facial_Expression_Detection/Facial_Expression_Detection/Final_dataset\Female\Teen\Engagement\engagement_382.jpg,2
S:/concordia/all_terms/fall_2023/AAI/Phase3/AAI_Project/Facial_Expression_Detection/Facial_Expression_Detection/Final_dataset\Female\Teen\Engagement\engagement_383.jpg,2
S:/concordia/all_terms/fall_2023/AAI/Phase3/AAI_Project/Facial_Expression_Detection/Facial_Expression_Detection/Final_dataset\Female\Teen\Engagement\engagement_384.jpg,2
S:/concordia/all_terms/fall_2023/AAI/Phase3/AAI_Project/Facial_Expression_Detection/Facial_Expression_Detection/Final_dataset\Female\Teen\Engagement\engagement_385.jpg,2
S:/concordia/all_terms/fall_2023/AAI/Phase3/AAI_Project/Facial_Expression_Detection/Facial_Expression_Detection/Final_dataset\Female\Teen\Engagement\engagement_386.jpg,2
S:/concordia/all_terms/fall_2023/AAI/Phase3/AAI_Project/Facial_Expression_Detection/Facial_Expression_Detection/Final_dataset\Female\Teen\Engagement\engagement_387.jpg,2
S:/concordia/all_terms/fall_2023/AAI/Phase3/AAI_Project/Facial_Expression_Detection/Facial_Expression_Detection/Final_dataset\Female\Teen\Engagement\engagement_388.jpg,2
S:/concordia/all_terms/fall_2023/AAI/Phase3/AAI_Project/Facial_Expression_Detection/Facial_Expression_Detection/Final_dataset\Female\Teen\Engagement\engagement_389.jpg,2
S:/concordia/all_terms/fall_2023/AAI/Phase3/AAI_Project/Facial_Expression_Detection/Facial_Expression_Detection/Final_dataset\Female\Teen\Engagement\engagement_390.jpg,2
S:/concordia/all_terms/fall_2023/AAI/Phase3/AAI_Project/Facial_Expression_Detection/Facial_Expression_Detection/Final_dataset\Female\Teen\Engagement\engagement_391.jpg,2
S:/concordia/all_terms/fall_2023/AAI/Phase3/AAI_Project/Facial_Expression_Detection/Facial_Expression_Detection/Final_dataset\Female\Teen\Engagement\engagement_392.jpg,2
S:/concordia/all_terms/fall_2023/AAI/Phase3/AAI_Project/Facial_Expression_Detection/Facial_Expression_Detection/Final_dataset\Female\Teen\Engagement\engagement_393.jpg,2
S:/concordia/all_terms/fall_2023/AAI/Phase3/AAI_Project/Facial_Expression_Detection/Facial_Expression_Detection/Final_dataset\Female\Teen\Engagement\engagement_394.jpg,2
S:/concordia/all_terms/fall_2023/AAI/Phase3/AAI_Project/Facial_Expression_Detection/Facial_Expression_Detection/Final_dataset\Female\Teen\Engagement\engagement_395.jpg,2
S:/concordia/all_terms/fall_2023/AAI/Phase3/AAI_Project/Facial_Expression_Detection/Facial_Expression_Detection/Final_dataset\Female\Teen\Engagement\engagement_396.jpg,2
S:/concordia/all_terms/fall_2023/AAI/Phase3/AAI_Project/Facial_Expression_Detection/Facial_Expression_Detection/Final_dataset\Female\Teen\Engagement\engagement_397.jpg,2
S:/concordia/all_terms/fall_2023/AAI/Phase3/AAI_Project/Facial_Expression_Detection/Facial_Expression_Detection/Final_dataset\Female\Teen\Engagement\engagement_398.jpg,2
S:/concordia/all_terms/fall_2023/AAI/Phase3/AAI_Project/Facial_Expression_Detection/Facial_Expression_Detection/Final_dataset\Female\Teen\Engagement\engagement_399.jpg,2
S:/concordia/all_terms/fall_2023/AAI/Phase3/AAI_Project/Facial_Expression_Detection/Facial_Expression_Detection/Final_dataset\Female\Teen\Engagement\engagement_400.jpg,2
S:/concordia/all_terms/fall_2023/AAI/Phase3/AAI_Project/Facial_Expression_Detection/Facial_Expression_Detection/Final_dataset\Female\Teen\Engagement\engagement_401.jpg,2
S:/concordia/all_terms/fall_2023/AAI/Phase3/AAI_Project/Facial_Expression_Detection/Facial_Expression_Detection/Final_dataset\Female\Teen\Engagement\engagement_402.jpg,2
S:/concordia/all_terms/fall_2023/AAI/Phase3/AAI_Project/Facial_Expression_Detection/Facial_Expression_Detection/Final_dataset\Female\Teen\Engagement\engagement_403.jpg,2
S:/concordia/all_terms/fall_2023/AAI/Phase3/AAI_Project/Facial_Expression_Detection/Facial_Expression_Detection/Final_dataset\Female\Teen\Engagement\engagement_404.jpg,2
S:/concordia/all_terms/fall_2023/AAI/Phase3/AAI_Project/Facial_Expression_Detection/Facial_Expression_Detection/Final_dataset\Female\Teen\Neutral\ffhq_5389.png,3
S:/concordia/all_terms/fall_2023/AAI/Phase3/AAI_Project/Facial_Expression_Detection/Facial_Expression_Detection/Final_dataset\Female\Teen\Neutral\ffhq_5394.png,3
S:/concordia/all_terms/fall_2023/AAI/Phase3/AAI_Project/Facial_Expression_Detection/Facial_Expression_Detection/Final_dataset\Female\Teen\Neutral\ffhq_5421.png,3
S:/concordia/all_terms/fall_2023/AAI/Phase3/AAI_Project/Facial_Expression_Detection/Facial_Expression_Detection/Final_dataset\Female\Teen\Neutral\ffhq_5430.png,3
S:/concordia/all_terms/fall_2023/AAI/Phase3/AAI_Project/Facial_Expression_Detection/Facial_Expression_Detection/Final_dataset\Female\Teen\Neutral\ffhq_5438.png,3
S:/concordia/all_terms/fall_2023/AAI/Phase3/AAI_Project/Facial_Expression_Detection/Facial_Expression_Detection/Final_dataset\Female\Teen\Neutral\ffhq_5447.png,3
S:/concordia/all_terms/fall_2023/AAI/Phase3/AAI_Project/Facial_Expression_Detection/Facial_Expression_Detection/Final_dataset\Female\Teen\Neutral\ffhq_5450.png,3
S:/concordia/all_terms/fall_2023/AAI/Phase3/AAI_Project/Facial_Expression_Detection/Facial_Expression_Detection/Final_dataset\Female\Teen\Neutral\ffhq_5462.png,3
S:/concordia/all_terms/fall_2023/AAI/Phase3/AAI_Project/Facial_Expression_Detection/Facial_Expression_Detection/Final_dataset\Female\Teen\Neutral\ffhq_5463.png,3
S:/concordia/all_terms/fall_2023/AAI/Phase3/AAI_Project/Facial_Expression_Detection/Facial_Expression_Detection/Final_dataset\Female\Teen\Neutral\ffhq_5470.png,3
S:/concordia/all_terms/fall_2023/AAI/Phase3/AAI_Project/Facial_Expression_Detection/Facial_Expression_Detection/Final_dataset\Female\Teen\Neutral\ffhq_5476.png,3
S:/concordia/all_terms/fall_2023/AAI/Phase3/AAI_Project/Facial_Expression_Detection/Facial_Expression_Detection/Final_dataset\Female\Teen\Neutral\ffhq_5482.png,3
S:/concordia/all_terms/fall_2023/AAI/Phase3/AAI_Project/Facial_Expression_Detection/Facial_Expression_Detection/Final_dataset\Female\Teen\Neutral\ffhq_5500.png,3
S:/concordia/all_terms/fall_2023/AAI/Phase3/AAI_Project/Facial_Expression_Detection/Facial_Expression_Detection/Final_dataset\Female\Teen\Neutral\ffhq_5503.png,3
S:/concordia/all_terms/fall_2023/AAI/Phase3/AAI_Project/Facial_Expression_Detection/Facial_Expression_Detection/Final_dataset\Female\Teen\Neutral\ffhq_5536.png,3
S:/concordia/all_terms/fall_2023/AAI/Phase3/AAI_Project/Facial_Expression_Detection/Facial_Expression_Detection/Final_dataset\Female\Teen\Neutral\ffhq_5542.png,3
S:/concordia/all_terms/fall_2023/AAI/Phase3/AAI_Project/Facial_Expression_Detection/Facial_Expression_Detection/Final_dataset\Female\Teen\Neutral\ffhq_5551.png,3
S:/concordia/all_terms/fall_2023/AAI/Phase3/AAI_Project/Facial_Expression_Detection/Facial_Expression_Detection/Final_dataset\Female\Teen\Neutral\ffhq_5557.png,3
S:/concordia/all_terms/fall_2023/AAI/Phase3/AAI_Project/Facial_Expression_Detection/Facial_Expression_Detection/Final_dataset\Female\Teen\Neutral\ffhq_5558.png,3
S:/concordia/all_terms/fall_2023/AAI/Phase3/AAI_Project/Facial_Expression_Detection/Facial_Expression_Detection/Final_dataset\Female\Teen\Neutral\ffhq_5559.png,3
S:/concordia/all_terms/fall_2023/AAI/Phase3/AAI_Project/Facial_Expression_Detection/Facial_Expression_Detection/Final_dataset\Female\Teen\Neutral\ffhq_5560.png,3
S:/concordia/all_terms/fall_2023/AAI/Phase3/AAI_Project/Facial_Expression_Detection/Facial_Expression_Detection/Final_dataset\Female\Teen\Neutral\ffhq_5561.png,3
S:/concordia/all_terms/fall_2023/AAI/Phase3/AAI_Project/Facial_Expression_Detection/Facial_Expression_Detection/Final_dataset\Female\Teen\Neutral\ffhq_5581.png,3
S:/concordia/all_terms/fall_2023/AAI/Phase3/AAI_Project/Facial_Expression_Detection/Facial_Expression_Detection/Final_dataset\Female\Teen\Neutral\ffhq_5584.png,3
S:/concordia/all_terms/fall_2023/AAI/Phase3/AAI_Project/Facial_Expression_Detection/Facial_Expression_Detection/Final_dataset\Female\Teen\Neutral\ffhq_5590.png,3
S:/concordia/all_terms/fall_2023/AAI/Phase3/AAI_Project/Facial_Expression_Detection/Facial_Expression_Detection/Final_dataset\Female\Teen\Neutral\ffhq_5603.png,3
S:/concordia/all_terms/fall_2023/AAI/Phase3/AAI_Project/Facial_Expression_Detection/Facial_Expression_Detection/Final_dataset\Female\Teen\Neutral\ffhq_5605.png,3
S:/concordia/all_terms/fall_2023/AAI/Phase3/AAI_Project/Facial_Expression_Detection/Facial_Expression_Detection/Final_dataset\Female\Teen\Neutral\ffhq_5608.png,3
S:/concordia/all_terms/fall_2023/AAI/Phase3/AAI_Project/Facial_Expression_Detection/Facial_Expression_Detection/Final_dataset\Female\Teen\Neutral\ffhq_5610.png,3
S:/concordia/all_terms/fall_2023/AAI/Phase3/AAI_Project/Facial_Expression_Detection/Facial_Expression_Detection/Final_dataset\Female\Teen\Neutral\ffhq_5634.png,3
S:/concordia/all_terms/fall_2023/AAI/Phase3/AAI_Project/Facial_Expression_Detection/Facial_Expression_Detection/Final_dataset\Female\Teen\Neutral\ffhq_5635.png,3
S:/concordia/all_terms/fall_2023/AAI/Phase3/AAI_Project/Facial_Expression_Detection/Facial_Expression_Detection/Final_dataset\Female\Teen\Neutral\ffhq_5654.png,3
S:/concordia/all_terms/fall_2023/AAI/Phase3/AAI_Project/Facial_Expression_Detection/Facial_Expression_Detection/Final_dataset\Female\Teen\Neutral\ffhq_5657.png,3
S:/concordia/all_terms/fall_2023/AAI/Phase3/AAI_Project/Facial_Expression_Detection/Facial_Expression_Detection/Final_dataset\Female\Teen\Neutral\ffhq_5660.png,3
S:/concordia/all_terms/fall_2023/AAI/Phase3/AAI_Project/Facial_Expression_Detection/Facial_Expression_Detection/Final_dataset\Female\Teen\Neutral\image0014042.jpg,3
S:/concordia/all_terms/fall_2023/AAI/Phase3/AAI_Project/Facial_Expression_Detection/Facial_Expression_Detection/Final_dataset\Female\Teen\Neutral\image0014286.jpg,3
S:/concordia/all_terms/fall_2023/AAI/Phase3/AAI_Project/Facial_Expression_Detection/Facial_Expression_Detection/Final_dataset\Female\Teen\Neutral\image0014476.jpg,3
S:/concordia/all_terms/fall_2023/AAI/Phase3/AAI_Project/Facial_Expression_Detection/Facial_Expression_Detection/Final_dataset\Female\Teen\Neutral\image0014941.jpg,3
S:/concordia/all_terms/fall_2023/AAI/Phase3/AAI_Project/Facial_Expression_Detection/Facial_Expression_Detection/Final_dataset\Female\Teen\Neutral\image0015342.jpg,3
S:/concordia/all_terms/fall_2023/AAI/Phase3/AAI_Project/Facial_Expression_Detection/Facial_Expression_Detection/Final_dataset\Female\Teen\Neutral\image0015510.jpg,3
S:/concordia/all_terms/fall_2023/AAI/Phase3/AAI_Project/Facial_Expression_Detection/Facial_Expression_Detection/Final_dataset\Female\Teen\Neutral\image0016112.jpg,3
S:/concordia/all_terms/fall_2023/AAI/Phase3/AAI_Project/Facial_Expression_Detection/Facial_Expression_Detection/Final_dataset\Female\Teen\Neutral\image0022379.jpg,3
S:/concordia/all_terms/fall_2023/AAI/Phase3/AAI_Project/Facial_Expression_Detection/Facial_Expression_Detection/Final_dataset\Female\Teen\Neutral\image0022536.jpg,3
S:/concordia/all_terms/fall_2023/AAI/Phase3/AAI_Project/Facial_Expression_Detection/Facial_Expression_Detection/Final_dataset\Female\Teen\Neutral\image0030755.jpg,3
S:/concordia/all_terms/fall_2023/AAI/Phase3/AAI_Project/Facial_Expression_Detection/Facial_Expression_Detection/Final_dataset\Female\Teen\Neutral\image0031251.jpg,3
S:/concordia/all_terms/fall_2023/AAI/Phase3/AAI_Project/Facial_Expression_Detection/Facial_Expression_Detection/Final_dataset\Female\Teen\Neutral\image0031608.jpg,3
S:/concordia/all_terms/fall_2023/AAI/Phase3/AAI_Project/Facial_Expression_Detection/Facial_Expression_Detection/Final_dataset\Female\Teen\Neutral\image0031666.jpg,3
S:/concordia/all_terms/fall_2023/AAI/Phase3/AAI_Project/Facial_Expression_Detection/Facial_Expression_Detection/Final_dataset\Female\Teen\Neutral\image0032517.jpg,3
S:/concordia/all_terms/fall_2023/AAI/Phase3/AAI_Project/Facial_Expression_Detection/Facial_Expression_Detection/Final_dataset\Female\Teen\Neutral\image0032874.jpg,3
S:/concordia/all_terms/fall_2023/AAI/Phase3/AAI_Project/Facial_Expression_Detection/Facial_Expression_Detection/Final_dataset\Female\Teen\Neutral\image0033250.jpg,3
S:/concordia/all_terms/fall_2023/AAI/Phase3/AAI_Project/Facial_Expression_Detection/Facial_Expression_Detection/Final_dataset\Female\Teen\Neutral\image0037425.jpg,3
S:/concordia/all_terms/fall_2023/AAI/Phase3/AAI_Project/Facial_Expression_Detection/Facial_Expression_Detection/Final_dataset\Female\Teen\Neutral\image0041520.jpg,3
S:/concordia/all_terms/fall_2023/AAI/Phase3/AAI_Project/Facial_Expression_Detection/Facial_Expression_Detection/Final_dataset\Female\Teen\Neutral\image0041848.jpg,3
S:/concordia/all_terms/fall_2023/AAI/Phase3/AAI_Project/Facial_Expression_Detection/Facial_Expression_Detection/Final_dataset\Female\Teen\Neutral\image989898889.jpg,3
S:/concordia/all_terms/fall_2023/AAI/Phase3/AAI_Project/Facial_Expression_Detection/Facial_Expression_Detection/Final_dataset\Female\Teen\Neutral\image9999989.jpg,3
S:/concordia/all_terms/fall_2023/AAI/Phase3/AAI_Project/Facial_Expression_Detection/Facial_Expression_Detection/Final_dataset\Female\Teen\Neutral\original_result.jpg,3
S:/concordia/all_terms/fall_2023/AAI/Phase3/AAI_Project/Facial_Expression_Detection/Facial_Expression_Detection/Final_dataset\Male\Teen\Angry\image0020779.jpg,0
S:/concordia/all_terms/fall_2023/AAI/Phase3/AAI_Project/Facial_Expression_Detection/Facial_Expression_Detection/Final_dataset\Male\Teen\Angry\image0020787.jpg,0
S:/concordia/all_terms/fall_2023/AAI/Phase3/AAI_Project/Facial_Expression_Detection/Facial_Expression_Detection/Final_dataset\Male\Teen\Angry\image0020821.jpg,0
S:/concordia/all_terms/fall_2023/AAI/Phase3/AAI_Project/Facial_Expression_Detection/Facial_Expression_Detection/Final_dataset\Male\Teen\Angry\image0021146.jpg,0
S:/concordia/all_terms/fall_2023/AAI/Phase3/AAI_Project/Facial_Expression_Detection/Facial_Expression_Detection/Final_dataset\Male\Teen\Angry\image0021429.jpg,0
S:/concordia/all_terms/fall_2023/AAI/Phase3/AAI_Project/Facial_Expression_Detection/Facial_Expression_Detection/Final_dataset\Male\Teen\Angry\image0021689.jpg,0
S:/concordia/all_terms/fall_2023/AAI/Phase3/AAI_Project/Facial_Expression_Detection/Facial_Expression_Detection/Final_dataset\Male\Teen\Angry\image0021708.jpg,0
S:/concordia/all_terms/fall_2023/AAI/Phase3/AAI_Project/Facial_Expression_Detection/Facial_Expression_Detection/Final_dataset\Male\Teen\Angry\image0021840.jpg,0
S:/concordia/all_terms/fall_2023/AAI/Phase3/AAI_Project/Facial_Expression_Detection/Facial_Expression_Detection/Final_dataset\Male\Teen\Angry\image0021888.jpg,0
S:/concordia/all_terms/fall_2023/AAI/Phase3/AAI_Project/Facial_Expression_Detection/Facial_Expression_Detection/Final_dataset\Male\Teen\Angry\image0022009.jpg,0
S:/concordia/all_terms/fall_2023/AAI/Phase3/AAI_Project/Facial_Expression_Detection/Facial_Expression_Detection/Final_dataset\Male\Teen\Angry\image0022092.jpg,0
S:/concordia/all_terms/fall_2023/AAI/Phase3/AAI_Project/Facial_Expression_Detection/Facial_Expression_Detection/Final_dataset\Male\Teen\Angry\image0022125.jpg,0
S:/concordia/all_terms/fall_2023/AAI/Phase3/AAI_Project/Facial_Expression_Detection/Facial_Expression_Detection/Final_dataset\Male\Teen\Angry\image0022441.jpg,0
S:/concordia/all_terms/fall_2023/AAI/Phase3/AAI_Project/Facial_Expression_Detection/Facial_Expression_Detection/Final_dataset\Male\Teen\Angry\image0022460.jpg,0
S:/concordia/all_terms/fall_2023/AAI/Phase3/AAI_Project/Facial_Expression_Detection/Facial_Expression_Detection/Final_dataset\Male\Teen\Angry\image0022486.jpg,0
S:/concordia/all_terms/fall_2023/AAI/Phase3/AAI_Project/Facial_Expression_Detection/Facial_Expression_Detection/Final_dataset\Male\Teen\Angry\image0022607.jpg,0
S:/concordia/all_terms/fall_2023/AAI/Phase3/AAI_Project/Facial_Expression_Detection/Facial_Expression_Detection/Final_dataset\Male\Teen\Angry\image0022626.jpg,0
S:/concordia/all_terms/fall_2023/AAI/Phase3/AAI_Project/Facial_Expression_Detection/Facial_Expression_Detection/Final_dataset\Male\Teen\Angry\image0022637.jpg,0
S:/concordia/all_terms/fall_2023/AAI/Phase3/AAI_Project/Facial_Expression_Detection/Facial_Expression_Detection/Final_dataset\Male\Teen\Angry\image0022679.jpg,0
S:/concordia/all_terms/fall_2023/AAI/Phase3/AAI_Project/Facial_Expression_Detection/Facial_Expression_Detection/Final_dataset\Male\Teen\Angry\image0022810.jpg,0
S:/concordia/all_terms/fall_2023/AAI/Phase3/AAI_Project/Facial_Expression_Detection/Facial_Expression_Detection/Final_dataset\Male\Teen\Angry\image0023013.jpg,0
S:/concordia/all_terms/fall_2023/AAI/Phase3/AAI_Project/Facial_Expression_Detection/Facial_Expression_Detection/Final_dataset\Male\Teen\Angry\image0023028.jpg,0
S:/concordia/all_terms/fall_2023/AAI/Phase3/AAI_Project/Facial_Expression_Detection/Facial_Expression_Detection/Final_dataset\Male\Teen\Angry\image0023061.jpg,0
S:/concordia/all_terms/fall_2023/AAI/Phase3/AAI_Project/Facial_Expression_Detection/Facial_Expression_Detection/Final_dataset\Male\Teen\Angry\image0023187.jpg,0
S:/concordia/all_terms/fall_2023/AAI/Phase3/AAI_Project/Facial_Expression_Detection/Facial_Expression_Detection/Final_dataset\Male\Teen\Angry\image0023247.jpg,0
S:/concordia/all_terms/fall_2023/AAI/Phase3/AAI_Project/Facial_Expression_Detection/Facial_Expression_Detection/Final_dataset\Male\Teen\Angry\image0023275.jpg,0
S:/concordia/all_terms/fall_2023/AAI/Phase3/AAI_Project/Facial_Expression_Detection/Facial_Expression_Detection/Final_dataset\Male\Teen\Boredom\boredom_114.jpg,1
S:/concordia/all_terms/fall_2023/AAI/Phase3/AAI_Project/Facial_Expression_Detection/Facial_Expression_Detection/Final_dataset\Male\Teen\Boredom\boredom_115.jpg,1
S:/concordia/all_terms/fall_2023/AAI/Phase3/AAI_Project/Facial_Expression_Detection/Facial_Expression_Detection/Final_dataset\Male\Teen\Boredom\boredom_116.jpg,1
S:/concordia/all_terms/fall_2023/AAI/Phase3/AAI_Project/Facial_Expression_Detection/Facial_Expression_Detection/Final_dataset\Male\Teen\Boredom\boredom_117.jpg,1
S:/concordia/all_terms/fall_2023/AAI/Phase3/AAI_Project/Facial_Expression_Detection/Facial_Expression_Detection/Final_dataset\Male\Teen\Boredom\boredom_118.jpg,1
S:/concordia/all_terms/fall_2023/AAI/Phase3/AAI_Project/Facial_Expression_Detection/Facial_Expression_Detection/Final_dataset\Male\Teen\Boredom\boredom_119.jpg,1
S:/concordia/all_terms/fall_2023/AAI/Phase3/AAI_Project/Facial_Expression_Detection/Facial_Expression_Detection/Final_dataset\Male\Teen\Boredom\boredom_120.jpg,1
S:/concordia/all_terms/fall_2023/AAI/Phase3/AAI_Project/Facial_Expression_Detection/Facial_Expression_Detection/Final_dataset\Male\Teen\Boredom\boredom_121.jpg,1
S:/concordia/all_terms/fall_2023/AAI/Phase3/AAI_Project/Facial_Expression_Detection/Facial_Expression_Detection/Final_dataset\Male\Teen\Boredom\boredom_122.jpg,1
S:/concordia/all_terms/fall_2023/AAI/Phase3/AAI_Project/Facial_Expression_Detection/Facial_Expression_Detection/Final_dataset\Male\Teen\Boredom\boredom_123.jpg,1
S:/concordia/all_terms/fall_2023/AAI/Phase3/AAI_Project/Facial_Expression_Detection/Facial_Expression_Detection/Final_dataset\Male\Teen\Boredom\boredom_124.jpg,1
S:/concordia/all_terms/fall_2023/AAI/Phase3/AAI_Project/Facial_Expression_Detection/Facial_Expression_Detection/Final_dataset\Male\Teen\Boredom\boredom_125.jpg,1
S:/concordia/all_terms/fall_2023/AAI/Phase3/AAI_Project/Facial_Expression_Detection/Facial_Expression_Detection/Final_dataset\Male\Teen\Boredom\boredom_129.jpg,1
S:/concordia/all_terms/fall_2023/AAI/Phase3/AAI_Project/Facial_Expression_Detection/Facial_Expression_Detection/Final_dataset\Male\Teen\Boredom\boredom_130.jpg,1
S:/concordia/all_terms/fall_2023/AAI/Phase3/AAI_Project/Facial_Expression_Detection/Facial_Expression_Detection/Final_dataset\Male\Teen\Boredom\boredom_131.jpg,1
S:/concordia/all_terms/fall_2023/AAI/Phase3/AAI_Project/Facial_Expression_Detection/Facial_Expression_Detection/Final_dataset\Male\Teen\Boredom\boredom_132.jpg,1
S:/concordia/all_terms/fall_2023/AAI/Phase3/AAI_Project/Facial_Expression_Detection/Facial_Expression_Detection/Final_dataset\Male\Teen\Boredom\boredom_133.jpg,1
S:/concordia/all_terms/fall_2023/AAI/Phase3/AAI_Project/Facial_Expression_Detection/Facial_Expression_Detection/Final_dataset\Male\Teen\Boredom\boredom_134.jpg,1
S:/concordia/all_terms/fall_2023/AAI/Phase3/AAI_Project/Facial_Expression_Detection/Facial_Expression_Detection/Final_dataset\Male\Teen\Boredom\boredom_135.jpg,1
S:/concordia/all_terms/fall_2023/AAI/Phase3/AAI_Project/Facial_Expression_Detection/Facial_Expression_Detection/Final_dataset\Male\Teen\Boredom\boredom_136.jpg,1
S:/concordia/all_terms/fall_2023/AAI/Phase3/AAI_Project/Facial_Expression_Detection/Facial_Expression_Detection/Final_dataset\Male\Teen\Boredom\boredom_137.jpg,1
S:/concordia/all_terms/fall_2023/AAI/Phase3/AAI_Project/Facial_Expression_Detection/Facial_Expression_Detection/Final_dataset\Male\Teen\Boredom\boredom_138.jpg,1
S:/concordia/all_terms/fall_2023/AAI/Phase3/AAI_Project/Facial_Expression_Detection/Facial_Expression_Detection/Final_dataset\Male\Teen\Boredom\boredom_139.jpg,1
S:/concordia/all_terms/fall_2023/AAI/Phase3/AAI_Project/Facial_Expression_Detection/Facial_Expression_Detection/Final_dataset\Male\Teen\Boredom\boredom_140.jpg,1
S:/concordia/all_terms/fall_2023/AAI/Phase3/AAI_Project/Facial_Expression_Detection/Facial_Expression_Detection/Final_dataset\Male\Teen\Boredom\boredom_141.jpg,1
S:/concordia/all_terms/fall_2023/AAI/Phase3/AAI_Project/Facial_Expression_Detection/Facial_Expression_Detection/Final_dataset\Male\Teen\Boredom\boredom_142.jpg,1
S:/concordia/all_terms/fall_2023/AAI/Phase3/AAI_Project/Facial_Expression_Detection/Facial_Expression_Detection/Final_dataset\Male\Teen\Boredom\boredom_143.jpg,1
S:/concordia/all_terms/fall_2023/AAI/Phase3/AAI_Project/Facial_Expression_Detection/Facial_Expression_Detection/Final_dataset\Male\Teen\Boredom\boredom_159.jpg,1
S:/concordia/all_terms/fall_2023/AAI/Phase3/AAI_Project/Facial_Expression_Detection/Facial_Expression_Detection/Final_dataset\Male\Teen\Boredom\boredom_160.jpg,1
S:/concordia/all_terms/fall_2023/AAI/Phase3/AAI_Project/Facial_Expression_Detection/Facial_Expression_Detection/Final_dataset\Male\Teen\Boredom\boredom_161.jpg,1
S:/concordia/all_terms/fall_2023/AAI/Phase3/AAI_Project/Facial_Expression_Detection/Facial_Expression_Detection/Final_dataset\Male\Teen\Boredom\boredom_162.jpg,1
S:/concordia/all_terms/fall_2023/AAI/Phase3/AAI_Project/Facial_Expression_Detection/Facial_Expression_Detection/Final_dataset\Male\Teen\Boredom\boredom_163.jpg,1
S:/concordia/all_terms/fall_2023/AAI/Phase3/AAI_Project/Facial_Expression_Detection/Facial_Expression_Detection/Final_dataset\Male\Teen\Boredom\boredom_164.jpg,1
S:/concordia/all_terms/fall_2023/AAI/Phase3/AAI_Project/Facial_Expression_Detection/Facial_Expression_Detection/Final_dataset\Male\Teen\Boredom\boredom_165.jpg,1
S:/concordia/all_terms/fall_2023/AAI/Phase3/AAI_Project/Facial_Expression_Detection/Facial_Expression_Detection/Final_dataset\Male\Teen\Boredom\boredom_166.jpg,1
S:/concordia/all_terms/fall_2023/AAI/Phase3/AAI_Project/Facial_Expression_Detection/Facial_Expression_Detection/Final_dataset\Male\Teen\Boredom\boredom_167.jpg,1
S:/concordia/all_terms/fall_2023/AAI/Phase3/AAI_Project/Facial_Expression_Detection/Facial_Expression_Detection/Final_dataset\Male\Teen\Boredom\boredom_168.jpg,1
S:/concordia/all_terms/fall_2023/AAI/Phase3/AAI_Project/Facial_Expression_Detection/Facial_Expression_Detection/Final_dataset\Male\Teen\Boredom\boredom_169.jpg,1
S:/concordia/all_terms/fall_2023/AAI/Phase3/AAI_Project/Facial_Expression_Detection/Facial_Expression_Detection/Final_dataset\Male\Teen\Boredom\boredom_170.jpg,1
S:/concordia/all_terms/fall_2023/AAI/Phase3/AAI_Project/Facial_Expression_Detection/Facial_Expression_Detection/Final_dataset\Male\Teen\Boredom\boredom_171.jpg,1
S:/concordia/all_terms/fall_2023/AAI/Phase3/AAI_Project/Facial_Expression_Detection/Facial_Expression_Detection/Final_dataset\Male\Teen\Boredom\boredom_172.jpg,1
S:/concordia/all_terms/fall_2023/AAI/Phase3/AAI_Project/Facial_Expression_Detection/Facial_Expression_Detection/Final_dataset\Male\Teen\Boredom\boredom_173.jpg,1
S:/concordia/all_terms/fall_2023/AAI/Phase3/AAI_Project/Facial_Expression_Detection/Facial_Expression_Detection/Final_dataset\Male\Teen\Boredom\boredom_174.jpg,1
S:/concordia/all_terms/fall_2023/AAI/Phase3/AAI_Project/Facial_Expression_Detection/Facial_Expression_Detection/Final_dataset\Male\Teen\Boredom\boredom_175.jpg,1
S:/concordia/all_terms/fall_2023/AAI/Phase3/AAI_Project/Facial_Expression_Detection/Facial_Expression_Detection/Final_dataset\Male\Teen\Boredom\boredom_176.jpg,1
S:/concordia/all_terms/fall_2023/AAI/Phase3/AAI_Project/Facial_Expression_Detection/Facial_Expression_Detection/Final_dataset\Male\Teen\Boredom\boredom_177.jpg,1
S:/concordia/all_terms/fall_2023/AAI/Phase3/AAI_Project/Facial_Expression_Detection/Facial_Expression_Detection/Final_dataset\Male\Teen\Boredom\boredom_178.jpg,1
S:/concordia/all_terms/fall_2023/AAI/Phase3/AAI_Project/Facial_Expression_Detection/Facial_Expression_Detection/Final_dataset\Male\Teen\Boredom\boredom_179.jpg,1
S:/concordia/all_terms/fall_2023/AAI/Phase3/AAI_Project/Facial_Expression_Detection/Facial_Expression_Detection/Final_dataset\Male\Teen\Boredom\boredom_180.jpg,1
S:/concordia/all_terms/fall_2023/AAI/Phase3/AAI_Project/Facial_Expression_Detection/Facial_Expression_Detection/Final_dataset\Male\Teen\Boredom\boredom_181.jpg,1
S:/concordia/all_terms/fall_2023/AAI/Phase3/AAI_Project/Facial_Expression_Detection/Facial_Expression_Detection/Final_dataset\Male\Teen\Boredom\boredom_182.jpg,1
S:/concordia/all_terms/fall_2023/AAI/Phase3/AAI_Project/Facial_Expression_Detection/Facial_Expression_Detection/Final_dataset\Male\Teen\Boredom\boredom_183.jpg,1
S:/concordia/all_terms/fall_2023/AAI/Phase3/AAI_Project/Facial_Expression_Detection/Facial_Expression_Detection/Final_dataset\Male\Teen\Boredom\boredom_184.jpg,1
S:/concordia/all_terms/fall_2023/AAI/Phase3/AAI_Project/Facial_Expression_Detection/Facial_Expression_Detection/Final_dataset\Male\Teen\Boredom\boredom_185.jpg,1
S:/concordia/all_terms/fall_2023/AAI/Phase3/AAI_Project/Facial_Expression_Detection/Facial_Expression_Detection/Final_dataset\Male\Teen\Boredom\boredom_186.jpg,1
S:/concordia/all_terms/fall_2023/AAI/Phase3/AAI_Project/Facial_Expression_Detection/Facial_Expression_Detection/Final_dataset\Male\Teen\Boredom\boredom_187.jpg,1
S:/concordia/all_terms/fall_2023/AAI/Phase3/AAI_Project/Facial_Expression_Detection/Facial_Expression_Detection/Final_dataset\Male\Teen\Boredom\boredom_188.jpg,1
S:/concordia/all_terms/fall_2023/AAI/Phase3/AAI_Project/Facial_Expression_Detection/Facial_Expression_Detection/Final_dataset\Male\Teen\Boredom\boredom_189.jpg,1
S:/concordia/all_terms/fall_2023/AAI/Phase3/AAI_Project/Facial_Expression_Detection/Facial_Expression_Detection/Final_dataset\Male\Teen\Boredom\boredom_190.jpg,1
S:/concordia/all_terms/fall_2023/AAI/Phase3/AAI_Project/Facial_Expression_Detection/Facial_Expression_Detection/Final_dataset\Male\Teen\Boredom\boredom_191.jpg,1
S:/concordia/all_terms/fall_2023/AAI/Phase3/AAI_Project/Facial_Expression_Detection/Facial_Expression_Detection/Final_dataset\Male\Teen\Boredom\boredom_192.jpg,1
S:/concordia/all_terms/fall_2023/AAI/Phase3/AAI_Project/Facial_Expression_Detection/Facial_Expression_Detection/Final_dataset\Male\Teen\Boredom\boredom_193.jpg,1
S:/concordia/all_terms/fall_2023/AAI/Phase3/AAI_Project/Facial_Expression_Detection/Facial_Expression_Detection/Final_dataset\Male\Teen\Boredom\boredom_194.jpg,1
S:/concordia/all_terms/fall_2023/AAI/Phase3/AAI_Project/Facial_Expression_Detection/Facial_Expression_Detection/Final_dataset\Male\Teen\Boredom\boredom_195.jpg,1
S:/concordia/all_terms/fall_2023/AAI/Phase3/AAI_Project/Facial_Expression_Detection/Facial_Expression_Detection/Final_dataset\Male\Teen\Boredom\boredom_196.jpg,1
S:/concordia/all_terms/fall_2023/AAI/Phase3/AAI_Project/Facial_Expression_Detection/Facial_Expression_Detection/Final_dataset\Male\Teen\Boredom\boredom_197.jpg,1
S:/concordia/all_terms/fall_2023/AAI/Phase3/AAI_Project/Facial_Expression_Detection/Facial_Expression_Detection/Final_dataset\Male\Teen\Boredom\boredom_198.jpg,1
S:/concordia/all_terms/fall_2023/AAI/Phase3/AAI_Project/Facial_Expression_Detection/Facial_Expression_Detection/Final_dataset\Male\Teen\Boredom\boredom_199.jpg,1
S:/concordia/all_terms/fall_2023/AAI/Phase3/AAI_Project/Facial_Expression_Detection/Facial_Expression_Detection/Final_dataset\Male\Teen\Boredom\boredom_200.jpg,1
S:/concordia/all_terms/fall_2023/AAI/Phase3/AAI_Project/Facial_Expression_Detection/Facial_Expression_Detection/Final_dataset\Male\Teen\Boredom\boredom_201.jpg,1
S:/concordia/all_terms/fall_2023/AAI/Phase3/AAI_Project/Facial_Expression_Detection/Facial_Expression_Detection/Final_dataset\Male\Teen\Boredom\boredom_202.jpg,1
S:/concordia/all_terms/fall_2023/AAI/Phase3/AAI_Project/Facial_Expression_Detection/Facial_Expression_Detection/Final_dataset\Male\Teen\Boredom\boredom_203.jpg,1
S:/concordia/all_terms/fall_2023/AAI/Phase3/AAI_Project/Facial_Expression_Detection/Facial_Expression_Detection/Final_dataset\Male\Teen\Boredom\boredom_204.jpg,1
S:/concordia/all_terms/fall_2023/AAI/Phase3/AAI_Project/Facial_Expression_Detection/Facial_Expression_Detection/Final_dataset\Male\Teen\Boredom\boredom_205.jpg,1
S:/concordia/all_terms/fall_2023/AAI/Phase3/AAI_Project/Facial_Expression_Detection/Facial_Expression_Detection/Final_dataset\Male\Teen\Boredom\boredom_206.jpg,1
S:/concordia/all_terms/fall_2023/AAI/Phase3/AAI_Project/Facial_Expression_Detection/Facial_Expression_Detection/Final_dataset\Male\Teen\Boredom\boredom_207.jpg,1
S:/concordia/all_terms/fall_2023/AAI/Phase3/AAI_Project/Facial_Expression_Detection/Facial_Expression_Detection/Final_dataset\Male\Teen\Boredom\boredom_208.jpg,1
S:/concordia/all_terms/fall_2023/AAI/Phase3/AAI_Project/Facial_Expression_Detection/Facial_Expression_Detection/Final_dataset\Male\Teen\Boredom\boredom_209.jpg,1
S:/concordia/all_terms/fall_2023/AAI/Phase3/AAI_Project/Facial_Expression_Detection/Facial_Expression_Detection/Final_dataset\Male\Teen\Boredom\boredom_210.jpg,1
S:/concordia/all_terms/fall_2023/AAI/Phase3/AAI_Project/Facial_Expression_Detection/Facial_Expression_Detection/Final_dataset\Male\Teen\Boredom\boredom_211.jpg,1
S:/concordia/all_terms/fall_2023/AAI/Phase3/AAI_Project/Facial_Expression_Detection/Facial_Expression_Detection/Final_dataset\Male\Teen\Boredom\boredom_212.jpg,1
S:/concordia/all_terms/fall_2023/AAI/Phase3/AAI_Project/Facial_Expression_Detection/Facial_Expression_Detection/Final_dataset\Male\Teen\Boredom\boredom_213.jpg,1
S:/concordia/all_terms/fall_2023/AAI/Phase3/AAI_Project/Facial_Expression_Detection/Facial_Expression_Detection/Final_dataset\Male\Teen\Boredom\boredom_214.jpg,1
S:/concordia/all_terms/fall_2023/AAI/Phase3/AAI_Project/Facial_Expression_Detection/Facial_Expression_Detection/Final_dataset\Male\Teen\Boredom\boredom_215.jpg,1
S:/concordia/all_terms/fall_2023/AAI/Phase3/AAI_Project/Facial_Expression_Detection/Facial_Expression_Detection/Final_dataset\Male\Teen\Boredom\boredom_216.jpg,1
S:/concordia/all_terms/fall_2023/AAI/Phase3/AAI_Project/Facial_Expression_Detection/Facial_Expression_Detection/Final_dataset\Male\Teen\Boredom\boredom_217.jpg,1
S:/concordia/all_terms/fall_2023/AAI/Phase3/AAI_Project/Facial_Expression_Detection/Facial_Expression_Detection/Final_dataset\Male\Teen\Boredom\boredom_218.jpg,1
S:/concordia/all_terms/fall_2023/AAI/Phase3/AAI_Project/Facial_Expression_Detection/Facial_Expression_Detection/Final_dataset\Male\Teen\Boredom\boredom_219.jpg,1
S:/concordia/all_terms/fall_2023/AAI/Phase3/AAI_Project/Facial_Expression_Detection/Facial_Expression_Detection/Final_dataset\Male\Teen\Boredom\boredom_220.jpg,1
S:/concordia/all_terms/fall_2023/AAI/Phase3/AAI_Project/Facial_Expression_Detection/Facial_Expression_Detection/Final_dataset\Male\Teen\Boredom\boredom_221.jpg,1
S:/concordia/all_terms/fall_2023/AAI/Phase3/AAI_Project/Facial_Expression_Detection/Facial_Expression_Detection/Final_dataset\Male\Teen\Boredom\boredom_222.jpg,1
S:/concordia/all_terms/fall_2023/AAI/Phase3/AAI_Project/Facial_Expression_Detection/Facial_Expression_Detection/Final_dataset\Male\Teen\Boredom\boredom_223.jpg,1
S:/concordia/all_terms/fall_2023/AAI/Phase3/AAI_Project/Facial_Expression_Detection/Facial_Expression_Detection/Final_dataset\Male\Teen\Boredom\boredom_224.jpg,1
S:/concordia/all_terms/fall_2023/AAI/Phase3/AAI_Project/Facial_Expression_Detection/Facial_Expression_Detection/Final_dataset\Male\Teen\Boredom\boredom_276.jpg,1
S:/concordia/all_terms/fall_2023/AAI/Phase3/AAI_Project/Facial_Expression_Detection/Facial_Expression_Detection/Final_dataset\Male\Teen\Boredom\boredom_277.jpg,1
S:/concordia/all_terms/fall_2023/AAI/Phase3/AAI_Project/Facial_Expression_Detection/Facial_Expression_Detection/Final_dataset\Male\Teen\Boredom\boredom_278.jpg,1
S:/concordia/all_terms/fall_2023/AAI/Phase3/AAI_Project/Facial_Expression_Detection/Facial_Expression_Detection/Final_dataset\Male\Teen\Boredom\boredom_279.jpg,1
S:/concordia/all_terms/fall_2023/AAI/Phase3/AAI_Project/Facial_Expression_Detection/Facial_Expression_Detection/Final_dataset\Male\Teen\Boredom\boredom_280.jpg,1
S:/concordia/all_terms/fall_2023/AAI/Phase3/AAI_Project/Facial_Expression_Detection/Facial_Expression_Detection/Final_dataset\Male\Teen\Boredom\boredom_281.jpg,1
S:/concordia/all_terms/fall_2023/AAI/Phase3/AAI_Project/Facial_Expression_Detection/Facial_Expression_Detection/Final_dataset\Male\Teen\Boredom\boredom_282.jpg,1
S:/concordia/all_terms/fall_2023/AAI/Phase3/AAI_Project/Facial_Expression_Detection/Facial_Expression_Detection/Final_dataset\Male\Teen\Boredom\boredom_283.jpg,1
S:/concordia/all_terms/fall_2023/AAI/Phase3/AAI_Project/Facial_Expression_Detection/Facial_Expression_Detection/Final_dataset\Male\Teen\Boredom\boredom_284.jpg,1
S:/concordia/all_terms/fall_2023/AAI/Phase3/AAI_Project/Facial_Expression_Detection/Facial_Expression_Detection/Final_dataset\Male\Teen\Boredom\boredom_285.jpg,1
S:/concordia/all_terms/fall_2023/AAI/Phase3/AAI_Project/Facial_Expression_Detection/Facial_Expression_Detection/Final_dataset\Male\Teen\Boredom\boredom_286.jpg,1
S:/concordia/all_terms/fall_2023/AAI/Phase3/AAI_Project/Facial_Expression_Detection/Facial_Expression_Detection/Final_dataset\Male\Teen\Boredom\boredom_287.jpg,1
S:/concordia/all_terms/fall_2023/AAI/Phase3/AAI_Project/Facial_Expression_Detection/Facial_Expression_Detection/Final_dataset\Male\Teen\Boredom\boredom_288.jpg,1
S:/concordia/all_terms/fall_2023/AAI/Phase3/AAI_Project/Facial_Expression_Detection/Facial_Expression_Detection/Final_dataset\Male\Teen\Boredom\boredom_289.jpg,1
S:/concordia/all_terms/fall_2023/AAI/Phase3/AAI_Project/Facial_Expression_Detection/Facial_Expression_Detection/Final_dataset\Male\Teen\Boredom\boredom_290.jpg,1
S:/concordia/all_terms/fall_2023/AAI/Phase3/AAI_Project/Facial_Expression_Detection/Facial_Expression_Detection/Final_dataset\Male\Teen\Boredom\boredom_291.jpg,1
S:/concordia/all_terms/fall_2023/AAI/Phase3/AAI_Project/Facial_Expression_Detection/Facial_Expression_Detection/Final_dataset\Male\Teen\Boredom\boredom_292.jpg,1
S:/concordia/all_terms/fall_2023/AAI/Phase3/AAI_Project/Facial_Expression_Detection/Facial_Expression_Detection/Final_dataset\Male\Teen\Boredom\boredom_293.jpg,1
S:/concordia/all_terms/fall_2023/AAI/Phase3/AAI_Project/Facial_Expression_Detection/Facial_Expression_Detection/Final_dataset\Male\Teen\Boredom\boredom_294.jpg,1
S:/concordia/all_terms/fall_2023/AAI/Phase3/AAI_Project/Facial_Expression_Detection/Facial_Expression_Detection/Final_dataset\Male\Teen\Boredom\boredom_295.jpg,1
S:/concordia/all_terms/fall_2023/AAI/Phase3/AAI_Project/Facial_Expression_Detection/Facial_Expression_Detection/Final_dataset\Male\Teen\Boredom\boredom_296.jpg,1
S:/concordia/all_terms/fall_2023/AAI/Phase3/AAI_Project/Facial_Expression_Detection/Facial_Expression_Detection/Final_dataset\Male\Teen\Boredom\boredom_339.jpg,1
S:/concordia/all_terms/fall_2023/AAI/Phase3/AAI_Project/Facial_Expression_Detection/Facial_Expression_Detection/Final_dataset\Male\Teen\Boredom\boredom_340.jpg,1
S:/concordia/all_terms/fall_2023/AAI/Phase3/AAI_Project/Facial_Expression_Detection/Facial_Expression_Detection/Final_dataset\Male\Teen\Boredom\boredom_341.jpg,1
S:/concordia/all_terms/fall_2023/AAI/Phase3/AAI_Project/Facial_Expression_Detection/Facial_Expression_Detection/Final_dataset\Male\Teen\Boredom\boredom_342.jpg,1
S:/concordia/all_terms/fall_2023/AAI/Phase3/AAI_Project/Facial_Expression_Detection/Facial_Expression_Detection/Final_dataset\Male\Teen\Boredom\boredom_343.jpg,1
S:/concordia/all_terms/fall_2023/AAI/Phase3/AAI_Project/Facial_Expression_Detection/Facial_Expression_Detection/Final_dataset\Male\Teen\Boredom\boredom_344.jpg,1
S:/concordia/all_terms/fall_2023/AAI/Phase3/AAI_Project/Facial_Expression_Detection/Facial_Expression_Detection/Final_dataset\Male\Teen\Boredom\boredom_345.jpg,1
S:/concordia/all_terms/fall_2023/AAI/Phase3/AAI_Project/Facial_Expression_Detection/Facial_Expression_Detection/Final_dataset\Male\Teen\Boredom\boredom_346.jpg,1
S:/concordia/all_terms/fall_2023/AAI/Phase3/AAI_Project/Facial_Expression_Detection/Facial_Expression_Detection/Final_dataset\Male\Teen\Boredom\boredom_347.jpg,1
S:/concordia/all_terms/fall_2023/AAI/Phase3/AAI_Project/Facial_Expression_Detection/Facial_Expression_Detection/Final_dataset\Male\Teen\Boredom\boredom_348.jpg,1
S:/concordia/all_terms/fall_2023/AAI/Phase3/AAI_Project/Facial_Expression_Detection/Facial_Expression_Detection/Final_dataset\Male\Teen\Boredom\boredom_349.jpg,1
S:/concordia/all_terms/fall_2023/AAI/Phase3/AAI_Project/Facial_Expression_Detection/Facial_Expression_Detection/Final_dataset\Male\Teen\Boredom\boredom_350.jpg,1
S:/concordia/all_terms/fall_2023/AAI/Phase3/AAI_Project/Facial_Expression_Detection/Facial_Expression_Detection/Final_dataset\Male\Teen\Boredom\boredom_351.jpg,1
S:/concordia/all_terms/fall_2023/AAI/Phase3/AAI_Project/Facial_Expression_Detection/Facial_Expression_Detection/Final_dataset\Male\Teen\Boredom\boredom_352.jpg,1
S:/concordia/all_terms/fall_2023/AAI/Phase3/AAI_Project/Facial_Expression_Detection/Facial_Expression_Detection/Final_dataset\Male\Teen\Boredom\boredom_353.jpg,1
S:/concordia/all_terms/fall_2023/AAI/Phase3/AAI_Project/Facial_Expression_Detection/Facial_Expression_Detection/Final_dataset\Male\Teen\Boredom\boredom_354.jpg,1
S:/concordia/all_terms/fall_2023/AAI/Phase3/AAI_Project/Facial_Expression_Detection/Facial_Expression_Detection/Final_dataset\Male\Teen\Boredom\boredom_355.jpg,1
S:/concordia/all_terms/fall_2023/AAI/Phase3/AAI_Project/Facial_Expression_Detection/Facial_Expression_Detection/Final_dataset\Male\Teen\Boredom\boredom_356.jpg,1
S:/concordia/all_terms/fall_2023/AAI/Phase3/AAI_Project/Facial_Expression_Detection/Facial_Expression_Detection/Final_dataset\Male\Teen\Boredom\boredom_357.jpg,1
S:/concordia/all_terms/fall_2023/AAI/Phase3/AAI_Project/Facial_Expression_Detection/Facial_Expression_Detection/Final_dataset\Male\Teen\Boredom\boredom_358.jpg,1
S:/concordia/all_terms/fall_2023/AAI/Phase3/AAI_Project/Facial_Expression_Detection/Facial_Expression_Detection/Final_dataset\Male\Teen\Boredom\boredom_359.jpg,1
S:/concordia/all_terms/fall_2023/AAI/Phase3/AAI_Project/Facial_Expression_Detection/Facial_Expression_Detection/Final_dataset\Male\Teen\Boredom\boredom_51.jpg,1
S:/concordia/all_terms/fall_2023/AAI/Phase3/AAI_Project/Facial_Expression_Detection/Facial_Expression_Detection/Final_dataset\Male\Teen\Boredom\boredom_52.jpg,1
S:/concordia/all_terms/fall_2023/AAI/Phase3/AAI_Project/Facial_Expression_Detection/Facial_Expression_Detection/Final_dataset\Male\Teen\Boredom\boredom_53.jpg,1
S:/concordia/all_terms/fall_2023/AAI/Phase3/AAI_Project/Facial_Expression_Detection/Facial_Expression_Detection/Final_dataset\Male\Teen\Boredom\boredom_54.jpg,1
S:/concordia/all_terms/fall_2023/AAI/Phase3/AAI_Project/Facial_Expression_Detection/Facial_Expression_Detection/Final_dataset\Male\Teen\Boredom\boredom_55.jpg,1
S:/concordia/all_terms/fall_2023/AAI/Phase3/AAI_Project/Facial_Expression_Detection/Facial_Expression_Detection/Final_dataset\Male\Teen\Boredom\boredom_56.jpg,1
S:/concordia/all_terms/fall_2023/AAI/Phase3/AAI_Project/Facial_Expression_Detection/Facial_Expression_Detection/Final_dataset\Male\Teen\Neutral\ffhq_5404.png,3
S:/concordia/all_terms/fall_2023/AAI/Phase3/AAI_Project/Facial_Expression_Detection/Facial_Expression_Detection/Final_dataset\Male\Teen\Neutral\ffhq_5414.png,3
S:/concordia/all_terms/fall_2023/AAI/Phase3/AAI_Project/Facial_Expression_Detection/Facial_Expression_Detection/Final_dataset\Male\Teen\Neutral\ffhq_5446.png,3
S:/concordia/all_terms/fall_2023/AAI/Phase3/AAI_Project/Facial_Expression_Detection/Facial_Expression_Detection/Final_dataset\Male\Teen\Neutral\ffhq_5490.png,3
S:/concordia/all_terms/fall_2023/AAI/Phase3/AAI_Project/Facial_Expression_Detection/Facial_Expression_Detection/Final_dataset\Male\Teen\Neutral\ffhq_5499.png,3
S:/concordia/all_terms/fall_2023/AAI/Phase3/AAI_Project/Facial_Expression_Detection/Facial_Expression_Detection/Final_dataset\Male\Teen\Neutral\ffhq_5501.png,3
S:/concordia/all_terms/fall_2023/AAI/Phase3/AAI_Project/Facial_Expression_Detection/Facial_Expression_Detection/Final_dataset\Male\Teen\Neutral\ffhq_5519.png,3
S:/concordia/all_terms/fall_2023/AAI/Phase3/AAI_Project/Facial_Expression_Detection/Facial_Expression_Detection/Final_dataset\Male\Teen\Neutral\ffhq_5528.png,3
S:/concordia/all_terms/fall_2023/AAI/Phase3/AAI_Project/Facial_Expression_Detection/Facial_Expression_Detection/Final_dataset\Male\Teen\Neutral\ffhq_5547.png,3
S:/concordia/all_terms/fall_2023/AAI/Phase3/AAI_Project/Facial_Expression_Detection/Facial_Expression_Detection/Final_dataset\Male\Teen\Neutral\ffhq_5571.png,3
S:/concordia/all_terms/fall_2023/AAI/Phase3/AAI_Project/Facial_Expression_Detection/Facial_Expression_Detection/Final_dataset\Male\Teen\Neutral\ffhq_5617.png,3
S:/concordia/all_terms/fall_2023/AAI/Phase3/AAI_Project/Facial_Expression_Detection/Facial_Expression_Detection/Final_dataset\Male\Teen\Neutral\ffhq_5658.png,3
S:/concordia/all_terms/fall_2023/AAI/Phase3/AAI_Project/Facial_Expression_Detection/Facial_Expression_Detection/Final_dataset\Male\Teen\Neutral\image0006723.jpg,3
S:/concordia/all_terms/fall_2023/AAI/Phase3/AAI_Project/Facial_Expression_Detection/Facial_Expression_Detection/Final_dataset\Male\Teen\Neutral\image0010108.jpg,3
S:/concordia/all_terms/fall_2023/AAI/Phase3/AAI_Project/Facial_Expression_Detection/Facial_Expression_Detection/Final_dataset\Male\Teen\Neutral\image0013998.jpg,3
S:/concordia/all_terms/fall_2023/AAI/Phase3/AAI_Project/Facial_Expression_Detection/Facial_Expression_Detection/Final_dataset\Male\Teen\Neutral\image0015262.jpg,3
S:/concordia/all_terms/fall_2023/AAI/Phase3/AAI_Project/Facial_Expression_Detection/Facial_Expression_Detection/Final_dataset\Male\Teen\Neutral\image0016793.jpg,3
S:/concordia/all_terms/fall_2023/AAI/Phase3/AAI_Project/Facial_Expression_Detection/Facial_Expression_Detection/Final_dataset\Male\Teen\Neutral\image0021856.jpg,3
S:/concordia/all_terms/fall_2023/AAI/Phase3/AAI_Project/Facial_Expression_Detection/Facial_Expression_Detection/Final_dataset\Male\Teen\Neutral\image0023293.jpg,3
S:/concordia/all_terms/fall_2023/AAI/Phase3/AAI_Project/Facial_Expression_Detection/Facial_Expression_Detection/Final_dataset\Male\Teen\Neutral\image0029002.jpg,3
S:/concordia/all_terms/fall_2023/AAI/Phase3/AAI_Project/Facial_Expression_Detection/Facial_Expression_Detection/Final_dataset\Male\Teen\Neutral\image0030914.jpg,3
S:/concordia/all_terms/fall_2023/AAI/Phase3/AAI_Project/Facial_Expression_Detection/Facial_Expression_Detection/Final_dataset\Male\Teen\Neutral\image0031768.jpg,3
S:/concordia/all_terms/fall_2023/AAI/Phase3/AAI_Project/Facial_Expression_Detection/Facial_Expression_Detection/Final_dataset\Male\Teen\Neutral\image0031841.jpg,3
